labeler,column,start_date,start_time,end_date,end_time,eat,drink,sleep,chinrest,ride,stand,stand_near_fence,gone,Estrus_stage,Hours_til_estrus
ARIS group 1,"cow-a
(black)",8/9/2023 0:00,0:00:00,9/9/2023 0:00,0:00:00,39107,46,33065,0,0,8402,1488,4165,non-estrus,138
ARIS group 1,"cow-b
(white-pattern)",8/9/2023 0:00,0:00:00,9/9/2023 0:00,0:00:00,7233,226,30910,0,0,10481,2166,35257,non-estrus,690
ARIS group 1,"cow-c
(black-pattern)",8/9/2023 0:00,0:00:00,9/9/2023 0:00,0:00:00,37670,105,34142,0,0,8327,3367,2662,non-estrus,192
ARIS group 1,"cow-a
(black)",8/9/2023 0:00,6:00:00,9/9/2023 0:00,6:00:00,39279,333,28284,0,0,15156,1888,626,non-estrus,132
ARIS group 1,"cow-b
(white-pattern)",8/9/2023 0:00,6:00:00,9/9/2023 0:00,6:00:00,8168,239,31580,0,0,11555,2233,31791,non-estrus,684
ARIS group 1,"cow-c
(black-pattern)",8/9/2023 0:00,6:00:00,9/9/2023 0:00,6:00:00,39328,132,34039,0,0,8432,3470,165,non-estrus,198
ARIS group 1,"cow-a
(black)",8/9/2023 0:00,12:00:00,9/9/2023 0:00,12:00:00,12780,423,28284,53,0,23938,9298,0,non-estrus,126
ARIS group 1,"cow-b
(white-pattern)",8/9/2023 0:00,12:00:00,9/9/2023 0:00,12:00:00,11900,327,34687,0,0,20795,7052,15,non-estrus,678
ARIS group 1,"cow-c
(black-pattern)",8/9/2023 0:00,12:00:00,9/9/2023 0:00,12:00:00,14269,229,34062,0,0,15790,10426,0,non-estrus,204
ARIS group 1,"cow-a
(black)",8/9/2023 0:00,18:00:00,9/9/2023 0:00,18:00:00,18548,796,33659,53,0,23721,9576,0,non-estrus,120
ARIS group 1,"cow-b
(white-pattern)",8/9/2023 0:00,18:00:00,9/9/2023 0:00,18:00:00,14773,645,40291,0,0,23852,6792,0,non-estrus,672
ARIS group 1,"cow-c
(black-pattern)",8/9/2023 0:00,18:00:00,9/9/2023 0:00,18:00:00,21881,124,38456,0,0,14391,11501,0,non-estrus,210
ARIS group 1,"cow-a
(black)",9/9/2023 0:00,0:00:00,10/9/2023 0:00,0:00:00,19573,1028,29690,53,0,25724,9988,0,non-estrus,114
ARIS group 1,"cow-b
(white-pattern)",9/9/2023 0:00,0:00:00,10/9/2023 0:00,0:00:00,15472,607,40311,0,0,22261,7405,0,non-estrus,666
ARIS group 1,"cow-c
(black-pattern)",9/9/2023 0:00,0:00:00,10/9/2023 0:00,0:00:00,22550,370,36509,0,0,14804,11823,0,non-estrus,168
ARIS group 1,"cow-a
(black)",9/9/2023 0:00,6:00:00,10/9/2023 0:00,6:00:00,19947,741,27677,86,0,26413,11524,0,non-estrus,108
ARIS group 1,"cow-b
(white-pattern)",9/9/2023 0:00,6:00:00,10/9/2023 0:00,6:00:00,15493,594,33857,0,0,26686,9758,0,non-estrus,660
ARIS group 1,"cow-c
(black-pattern)",9/9/2023 0:00,6:00:00,10/9/2023 0:00,6:00:00,22987,335,30290,0,0,17768,15008,0,non-estrus,174
ARIS group 1,"cow-a
(black)",9/9/2023 0:00,12:00:00,10/9/2023 0:00,12:00:00,20904,1111,29035,72,0,22451,10472,0,non-estrus,102
ARIS group 1,"cow-b
(white-pattern)",9/9/2023 0:00,12:00:00,10/9/2023 0:00,12:00:00,15928,522,34805,0,0,25542,7248,0,non-estrus,654
ARIS group 1,"cow-c
(black-pattern)",9/9/2023 0:00,12:00:00,10/9/2023 0:00,12:00:00,23849,382,30267,0,0,14575,14972,0,non-estrus,180
ARIS group 1,"cow-a
(black)",9/9/2023 0:00,18:00:00,10/9/2023 0:00,18:00:00,16493,1899,31805,72,0,23135,12607,0,non-estrus,96
ARIS group 1,"cow-b
(white-pattern)",9/9/2023 0:00,18:00:00,10/9/2023 0:00,18:00:00,13740,527,37015,0,0,24588,10141,0,non-estrus,648
ARIS group 1,"cow-c
(black-pattern)",9/9/2023 0:00,18:00:00,10/9/2023 0:00,18:00:00,19952,859,32659,0,0,15829,16712,0,non-estrus,186
ARIS group 1,"cow-a
(black)",10/9/2023 0:00,0:00:00,11/9/2023 0:00,0:00:00,15239,1892,37953,72,0,18317,12086,0,non-estrus,90
ARIS group 1,"cow-b
(white-pattern)",10/9/2023 0:00,0:00:00,11/9/2023 0:00,0:00:00,12896,787,37957,0,0,24174,9745,0,non-estrus,642
ARIS group 1,"cow-c
(black-pattern)",10/9/2023 0:00,0:00:00,11/9/2023 0:00,0:00:00,19442,613,27822,0,0,20965,16717,0,non-estrus,144
ARIS group 1,"cow-a
(black)",10/9/2023 0:00,6:00:00,11/9/2023 0:00,6:00:00,14931,1892,45205,39,0,13111,10828,0,non-estrus,84
ARIS group 1,"cow-b
(white-pattern)",10/9/2023 0:00,6:00:00,11/9/2023 0:00,6:00:00,12122,787,46589,0,0,18565,7943,0,non-estrus,636
ARIS group 1,"cow-c
(black-pattern)",10/9/2023 0:00,6:00:00,11/9/2023 0:00,6:00:00,18456,775,32282,0,0,19576,14917,0,non-estrus,150
ARIS group 1,"cow-a
(black)",10/9/2023 0:00,12:00:00,11/9/2023 0:00,12:00:00,14613,1698,49445,0,0,10769,8646,0,non-estrus,78
ARIS group 1,"cow-b
(white-pattern)",10/9/2023 0:00,12:00:00,11/9/2023 0:00,12:00:00,10929,849,48711,0,0,17269,7413,0,non-estrus,630
ARIS group 1,"cow-c
(black-pattern)",10/9/2023 0:00,12:00:00,11/9/2023 0:00,12:00:00,16702,1126,33528,0,0,23179,10636,0,non-estrus,156
ARIS group 1,"cow-a
(black)",10/9/2023 0:00,18:00:00,11/9/2023 0:00,18:00:00,15862,727,49768,13,0,12870,6633,0,non-estrus,72
ARIS group 1,"cow-b
(white-pattern)",10/9/2023 0:00,18:00:00,11/9/2023 0:00,18:00:00,12534,516,43325,0,0,25373,4125,0,non-estrus,624
ARIS group 1,"cow-c
(black-pattern)",10/9/2023 0:00,18:00:00,11/9/2023 0:00,18:00:00,16923,740,28938,0,0,32225,7047,0,non-estrus,162
ARIS group 1,"cow-a
(black)",11/9/2023 0:00,0:00:00,12/9/2023 0:00,0:00:00,17331,722,45463,13,0,14916,6565,0,non-estrus,66
ARIS group 1,"cow-b
(white-pattern)",11/9/2023 0:00,0:00:00,12/9/2023 0:00,0:00:00,12610,112,44838,0,0,23720,3730,0,non-estrus,618
ARIS group 1,"cow-c
(black-pattern)",11/9/2023 0:00,0:00:00,12/9/2023 0:00,0:00:00,18887,740,32165,0,0,27435,5783,0,non-estrus,120
ARIS group 1,"cow-a
(black)",11/9/2023 0:00,6:00:00,12/9/2023 0:00,6:00:00,17093,775,49125,13,0,13560,5794,0,non-estrus,60
ARIS group 1,"cow-b
(white-pattern)",11/9/2023 0:00,6:00:00,12/9/2023 0:00,6:00:00,12428,112,44315,0,0,26432,3073,0,non-estrus,612
ARIS group 1,"cow-c
(black-pattern)",11/9/2023 0:00,6:00:00,12/9/2023 0:00,6:00:00,18254,1704,34771,0,0,27489,4142,0,non-estrus,126
ARIS group 1,"cow-a
(black)",11/9/2023 0:00,12:00:00,12/9/2023 0:00,12:00:00,21772,908,42780,13,0,15540,4064,0,non-estrus,54
ARIS group 1,"cow-b
(white-pattern)",11/9/2023 0:00,12:00:00,12/9/2023 0:00,12:00:00,17223,60,41577,0,0,23022,3195,0,non-estrus,606
ARIS group 1,"cow-c
(black-pattern)",11/9/2023 0:00,12:00:00,12/9/2023 0:00,12:00:00,22698,3090,32419,0,0,24639,2231,0,non-estrus,132
ARIS group 1,"cow-a
(black)",11/9/2023 0:00,18:00:00,12/9/2023 0:00,18:00:00,22314,1282,43762,0,0,16051,2934,0,non-estrus,48
ARIS group 1,"cow-b
(white-pattern)",11/9/2023 0:00,18:00:00,12/9/2023 0:00,18:00:00,15530,1324,52046,0,0,15162,2281,0,non-estrus,600
ARIS group 1,"cow-c
(black-pattern)",11/9/2023 0:00,18:00:00,12/9/2023 0:00,18:00:00,25304,3101,34925,0,0,21305,1708,0,non-estrus,138
ARIS group 1,"cow-a
(black)",12/9/2023 0:00,0:00:00,12/9/2023 0:00,23:59:59,24183,2409,38421,0,0,16987,2917,0,non-estrus,42
ARIS group 1,"cow-b
(white-pattern)",12/9/2023 0:00,0:00:00,12/9/2023 0:00,23:59:59,19827,1588,43979,0,0,17242,2281,0,non-estrus,594
ARIS group 1,"cow-c
(black-pattern)",12/9/2023 0:00,0:00:00,12/9/2023 0:00,23:59:59,28070,2261,31324,0,0,21554,1708,0,non-estrus,96
ARIS group 2,"cow-a
(black)",13/9/2023,0:00:00,14/9/2023,0:00:00,20220,2934,36309,192,0,20536,6208,0,pre-estrus,12.04
ARIS group 2,"cow-b
(white-pattern)",13/9/2023,0:00:00,14/9/2023,0:00:00,18132,2564,46742,0,0,16818,2127,0,non-estrus,No data
ARIS group 2,"cow-c
(black-pattern)",13/9/2023,0:00:00,14/9/2023,0:00:00,22112,1859,39822,0,0,14636,7970,0,non-estrus,59.17
ARIS group 2,"cow-a
(black)",13/9/2023,6:00:00,14/9/2023,6:00:00,20980,2890,32351,192,104,23467,6385,0,pre-estrus,6.04
ARIS group 2,"cow-b
(white-pattern)",13/9/2023,6:00:00,14/9/2023,6:00:00,18132,2466,45110,0,0,18603,2042,0,non-estrus,No data
ARIS group 2,"cow-c
(black-pattern)",13/9/2023,6:00:00,14/9/2023,6:00:00,21906,933,41662,0,0,15065,6803,0,non-estrus,53.17
ARIS group 2,"cow-a
(black)",13/9/2023,12:00:00,14/9/2023,12:00:00,20945,3097,25600,197,274,30603,5608,0,pre-estrus,0.4
ARIS group 2,"cow-b
(white-pattern)",13/9/2023,12:00:00,14/9/2023,12:00:00,13271,1888,36766,0,0,33462,937,0,non-estrus,No data
ARIS group 2,"cow-c
(black-pattern)",13/9/2023,12:00:00,14/9/2023,12:00:00,24032,1546,35688,0,0,22383,2675,0,non-estrus,47.17
ARIS group 2,"cow-a
(black)",13/9/2023,18:00:00,14/9/2023,18:00:00,14683,2955,20403,3480,1138,35987,7707,0,estrus,-5.96
ARIS group 2,"cow-b
(white-pattern)",13/9/2023,18:00:00,14/9/2023,18:00:00,4214,1868,37231,0,0,41005,2035,0,non-estrus,No data
ARIS group 2,"cow-c
(black-pattern)",13/9/2023,18:00:00,14/9/2023,18:00:00,18554,2161,32729,0,0,29315,3594,0,non-estrus,41.17
ARIS group 2,"cow-a
(black)",14/9/2023,0:00:00,15/9/2023,0:00:00,14989,2635,21034,3989,1370,33085,9297,0,estrus,-11.96
ARIS group 2,"cow-b
(white-pattern)",14/9/2023,0:00:00,15/9/2023,0:00:00,4847,1699,32609,0,0,45429,1815,0,non-estrus,No data
ARIS group 2,"cow-c
(black-pattern)",14/9/2023,0:00:00,15/9/2023,0:00:00,23605,2185,26426,0,0,31747,2436,0,non-estrus,35.17
ARIS group 2,"cow-a
(black)",14/9/2023,6:00:00,15/9/2023,6:00:00,13650,2881,25697,3989,1281,29017,9779,0,estrus,-17.96
ARIS group 2,"cow-b
(white-pattern)",14/9/2023,6:00:00,15/9/2023,6:00:00,5234,1304,33987,0,0,43047,2722,0,non-estrus,No data
ARIS group 2,"cow-c
(black-pattern)",14/9/2023,6:00:00,15/9/2023,6:00:00,23605,2195,26213,0,0,31678,2603,0,non-estrus,29.17
ARIS group 2,"cow-a
(black)",14/9/2023,12:00:00,15/9/2023,12:00:00,14698,3867,29326,3992,1111,22782,10519,0,estrus,-23.96
ARIS group 2,"cow-b
(white-pattern)",14/9/2023,12:00:00,15/9/2023,12:00:00,11560,3019,41135,0,0,26829,3752,0,non-estrus,No data
ARIS group 2,"cow-c
(black-pattern)",14/9/2023,12:00:00,15/9/2023,12:00:00,20868,4152,31856,0,0,23978,5441,0,non-estrus,23.17
ARIS group 2,"cow-a
(black)",14/9/2023,18:00:00,15/9/2023,18:00:00,20525,4956,32306,680,247,17697,9749,0,estrus,-29.96
ARIS group 2,"cow-b
(white-pattern)",14/9/2023,18:00:00,15/9/2023,18:00:00,19151,3549,38403,0,0,19818,5239,0,non-estrus,No data
ARIS group 2,"cow-c
(black-pattern)",14/9/2023,18:00:00,15/9/2023,18:00:00,25433,4417,34696,0,0,14248,7366,0,non-estrus,17.17
ARIS group 2,"cow-a
(black)",15/9/2023,0:00:00,16/9/2023,0:00:00,22625,5006,32989,664,15,16027,9073,0,non-estrus,No data
ARIS group 2,"cow-b
(white-pattern)",15/9/2023,0:00:00,16/9/2023,0:00:00,20958,3009,40754,0,0,15827,5851,0,non-estrus,No data
ARIS group 2,"cow-c
(black-pattern)",15/9/2023,0:00:00,16/9/2023,0:00:00,24528,4268,34672,0,0,12968,9963,0,non-estrus,11.17
ARIS group 2,"cow-a
(black)",15/9/2023,6:00:00,16/9/2023,6:00:00,22625,4138,24538,664,0,22236,11784,0,non-estrus,No data
ARIS group 2,"cow-b
(white-pattern)",15/9/2023,6:00:00,16/9/2023,6:00:00,20571,3009,32140,0,0,25071,5194,0,non-estrus,No data
ARIS group 2,"cow-c
(black-pattern)",15/9/2023,6:00:00,16/9/2023,6:00:00,24528,4258,26032,0,0,21371,9796,0,pre-estrus,5.17
ARIS group 2,"cow-a
(black)",15/9/2023,12:00:00,16/9/2023,12:00:00,15335,3012,21388,464,0,32522,13676,0,non-estrus,No data
ARIS group 2,"cow-b
(white-pattern)",15/9/2023,12:00:00,16/9/2023,12:00:00,13744,1304,29974,4,0,37182,4189,0,non-estrus,No data
ARIS group 2,"cow-c
(black-pattern)",15/9/2023,12:00:00,16/9/2023,12:00:00,18281,1412,21665,1543,816,35612,7068,0,estrus,-0.83
ARIS group 2,"cow-a
(black)",15/9/2023,18:00:00,16/9/2023,18:00:00,19341,2344,18938,439,0,34197,11048,0,non-estrus,No data
ARIS group 2,"cow-b
(white-pattern)",15/9/2023,18:00:00,16/9/2023,18:00:00,17706,447,27523,4,0,39592,1035,0,non-estrus,No data
ARIS group 2,"cow-c
(black-pattern)",15/9/2023,18:00:00,16/9/2023,18:00:00,18766,694,19405,1570,819,41352,3701,0,estrus,-6.83
ARIS group 2,"cow-a
(black)",16/9/2023,0:00:00,17/9/2023,0:00:00,16785,2203,16377,0,0,40708,10326,0,non-estrus,No data
ARIS group 2,"cow-b
(white-pattern)",16/9/2023,0:00:00,17/9/2023,0:00:00,15356,458,29513,4,0,40645,423,0,non-estrus,No data
ARIS group 2,"cow-c
(black-pattern)",16/9/2023,0:00:00,17/9/2023,0:00:00,16575,783,22234,1570,819,43138,1280,0,non-estrus,-24
ARIS group 2,"cow-a
(black)",16/9/2023,6:00:00,17/9/2023,6:00:00,16785,2203,22568,0,0,36626,6846,0,non-estrus,No data
ARIS group 2,"cow-b
(white-pattern)",16/9/2023,6:00:00,17/9/2023,6:00:00,15356,458,39080,4,0,29957,173,0,non-estrus,No data
ARIS group 2,"cow-c
(black-pattern)",16/9/2023,6:00:00,17/9/2023,6:00:00,16871,999,28780,1570,819,34709,1280,0,non-estrus,No data
ARIS group 2,"cow-a
(black)",16/9/2023,12:00:00,17/9/2023,12:00:00,18120,3634,25611,0,0,30534,6920,0,non-estrus,No data
ARIS group 2,"cow-b
(white-pattern)",16/9/2023,12:00:00,17/9/2023,12:00:00,16334,449,46865,0,0,20572,599,0,non-estrus,No data
ARIS group 2,"cow-c
(black-pattern)",16/9/2023,12:00:00,17/9/2023,12:00:00,18264,1625,35415,27,3,28143,1342,0,non-estrus,No data
ARIS group 2,"cow-a
(black)",16/9/2023,18:00:00,17/9/2023,18:00:00,14889,4385,28120,0,0,32062,6850,0,non-estrus,No data
ARIS group 2,"cow-b
(white-pattern)",16/9/2023,18:00:00,17/9/2023,18:00:00,13152,2095,48986,0,0,21276,797,0,non-estrus,No data
ARIS group 2,"cow-c
(black-pattern)",16/9/2023,18:00:00,17/9/2023,18:00:00,17977,2755,37413,0,0,27453,708,0,non-estrus,No data
ARIS group 2,"cow-a
(black)",17/9/2023,0:00:00,17/9/2023,23:59:59,17079,4673,25559,0,0,31340,6891,0,non-estrus,No data
ARIS group 2,"cow-b
(white-pattern)",17/9/2023,0:00:00,17/9/2023,23:59:59,13070,1723,51317,0,0,18635,797,0,non-estrus,No data
ARIS group 2,"cow-c
(black-pattern)",17/9/2023,0:00:00,17/9/2023,23:59:59,20076,3028,34923,0,0,27268,247,0,non-estrus,No data
ARIS group 3,"cow-a
 (black)",4/1/2024,0:00:00,4/2/2024,0:00:00,19421,242,35085,0,0,16284,15367,0,non-estrus,216
ARIS group 3,"cow-b
 (white-pattern)",4/1/2024,0:00:00,4/2/2024,0:00:00,14979,709,37527,0,0,19046,14138,0,non-estrus,no data
ARIS group 3,"cow-c
 (black-pattern)",4/1/2024,0:00:00,4/2/2024,0:00:00,22502,200,29630,0,0,26143,7924,0,non-estrus,no data
ARIS group 3,"cow-a
 (black)",4/1/2024,6:00:00,4/2/2024,6:00:00,22337,288,32752,0,0,16250,14020,0,non-estrus,210
ARIS group 3,"cow-b
 (white-pattern)",4/1/2024,6:00:00,4/2/2024,6:00:00,14862,624,40155,0,0,17388,12618,0,non-estrus,no data
ARIS group 3,"cow-c
 (black-pattern)",4/1/2024,6:00:00,4/2/2024,6:00:00,24680,2704,29276,0,0,21063,7924,0,non-estrus,no data
ARIS group 3,"cow-a
 (black)",4/1/2024,12:00:00,4/2/2024,12:00:00,28881,1578,32752,0,0,15844,6776,0,non-estrus,204
ARIS group 3,"cow-b
 (white-pattern)",4/1/2024,12:00:00,4/2/2024,12:00:00,25563,1898,37319,0,0,13923,7128,0,non-estrus,no data
ARIS group 3,"cow-c
 (black-pattern)",4/1/2024,12:00:00,4/2/2024,12:00:00,29632,7419,29276,0,0,14481,5023,0,non-estrus,no data
ARIS group 3,"cow-a
 (black)",4/1/2024,18:00:00,4/2/2024,18:00:00,32996,2514,36107,0,0,10690,3940,0,non-estrus,198
ARIS group 3,"cow-b
 (white-pattern)",4/1/2024,18:00:00,4/2/2024,18:00:00,28966,4346,41075,0,0,9230,2630,0,non-estrus,no data
ARIS group 3,"cow-c
 (black-pattern)",4/1/2024,18:00:00,4/2/2024,18:00:00,30563,9425,31848,0,0,12507,1904,0,non-estrus,no data
ARIS group 3,"cow-a
 (black)",4/2/2024,0:00:00,4/3/2024,0:00:00,32143,5493,30295,0,0,14399,4069,0,non-estrus,192
ARIS group 3,"cow-b
 (white-pattern)",4/2/2024,0:00:00,4/3/2024,0:00:00,27871,5388,37472,0,0,12939,2729,0,non-estrus,no data
ARIS group 3,"cow-c
 (black-pattern)",4/2/2024,0:00:00,4/3/2024,0:00:00,29656,11873,29742,0,0,13224,1904,0,non-estrus,no data
ARIS group 3,"cow-a
 (black)",4/2/2024,6:00:00,4/3/2024,6:00:00,28754,5459,33786,0,0,13534,4274,0,non-estrus,186
ARIS group 3,"cow-b
 (white-pattern)",4/2/2024,6:00:00,4/3/2024,6:00:00,27174,5158,38049,0,0,12482,2944,0,non-estrus,no data
ARIS group 3,"cow-c
 (black-pattern)",4/2/2024,6:00:00,4/3/2024,6:00:00,27849,9486,32463,0,0,13673,2336,0,non-estrus,no data
ARIS group 3,"cow-a
 (black)",4/2/2024,12:00:00,4/3/2024,12:00:00,19801,4507,37385,0,0,11734,12735,0,non-estrus,180
ARIS group 3,"cow-b
 (white-pattern)",4/2/2024,12:00:00,4/3/2024,12:00:00,19917,4521,39516,0,0,15793,6415,0,non-estrus,no data
ARIS group 3,"cow-c
 (black-pattern)",4/2/2024,12:00:00,4/3/2024,12:00:00,23556,5393,35315,0,0,18327,3571,0,non-estrus,no data
ARIS group 3,"cow-a
 (black)",4/2/2024,18:00:00,4/3/2024,18:00:00,17580,4666,38545,0,0,12588,12548,0,non-estrus,174
ARIS group 3,"cow-b
 (white-pattern)",4/2/2024,18:00:00,4/3/2024,18:00:00,15348,3747,40183,0,0,17101,9548,0,non-estrus,no data
ARIS group 3,"cow-c
 (black-pattern)",4/2/2024,18:00:00,4/3/2024,18:00:00,21639,5859,35502,0,0,19175,3752,0,non-estrus,no data
ARIS group 3,"cow-a
 (black)",4/3/2024,0:00:00,4/4/2024,0:00:00,17603,2899,41435,0,0,11888,12574,0,non-estrus,168
ARIS group 3,"cow-b
 (white-pattern)",4/3/2024,0:00:00,4/4/2024,0:00:00,15264,3284,43193,0,0,15239,9419,0,non-estrus,no data
ARIS group 3,"cow-c
 (black-pattern)",4/3/2024,0:00:00,4/4/2024,0:00:00,21735,4340,35365,0,0,21095,3864,0,non-estrus,no data
ARIS group 3,"cow-a
 (black)",4/3/2024,6:00:00,4/4/2024,6:00:00,17597,3042,39653,0,0,13480,11564,0,non-estrus,162
ARIS group 3,"cow-b
 (white-pattern)",4/3/2024,6:00:00,4/4/2024,6:00:00,15264,3827,42652,0,0,14389,9204,0,non-estrus,no data
ARIS group 3,"cow-c
 (black-pattern)",4/3/2024,6:00:00,4/4/2024,6:00:00,21250,4975,33321,0,0,22358,3432,0,non-estrus,no data
ARIS group 3,"cow-a
 (black)",4/3/2024,12:00:00,4/4/2024,12:00:00,22746,4733,35988,0,0,14193,8663,0,non-estrus,156
ARIS group 3,"cow-b
 (white-pattern)",4/3/2024,12:00:00,4/4/2024,12:00:00,16285,4261,40171,0,0,14187,11419,0,non-estrus,no data
ARIS group 3,"cow-c
 (black-pattern)",4/3/2024,12:00:00,4/4/2024,12:00:00,22953,5173,30403,0,0,24678,3116,0,non-estrus,no data
ARIS group 3,"cow-a
 (black)",4/3/2024,18:00:00,4/4/2024,18:00:00,22306,5078,35365,0,0,16700,6580,0,non-estrus,150
ARIS group 3,"cow-b
 (white-pattern)",4/3/2024,18:00:00,4/4/2024,18:00:00,17252,4539,39632,0,0,17187,7419,0,non-estrus,no data
ARIS group 3,"cow-c
 (black-pattern)",4/3/2024,18:00:00,4/4/2024,18:00:00,22310,3967,32024,0,0,25346,2382,0,non-estrus,no data
ARIS group 3,"cow-a
 (black)",4/4/2024,0:00:00,4/5/2024,0:00:00,25448,5742,33155,0,0,14990,7064,0,non-estrus,144
ARIS group 3,"cow-b
 (white-pattern)",4/4/2024,0:00:00,4/5/2024,0:00:00,17930,5456,37353,0,0,18241,7419,0,non-estrus,no data
ARIS group 3,"cow-c
 (black-pattern)",4/4/2024,0:00:00,4/5/2024,0:00:00,24364,4819,31490,0,0,23394,2332,0,non-estrus,no data
ARIS group 3,"cow-a
 (black)",4/4/2024,6:00:00,4/5/2024,6:00:00,25684,5914,35151,0,0,13418,4964,0,non-estrus,138
ARIS group 3,"cow-b
 (white-pattern)",4/4/2024,6:00:00,4/5/2024,6:00:00,17930,5348,37008,0,0,17426,7419,0,non-estrus,no data
ARIS group 3,"cow-c
 (black-pattern)",4/4/2024,6:00:00,4/5/2024,6:00:00,24587,4753,30996,0,0,22463,2332,0,non-estrus,no data
ARIS group 3,"cow-a
 (black)",4/4/2024,12:00:00,4/5/2024,12:00:00,23933,4335,35151,17,0,12448,10283,0,non-estrus,132
ARIS group 3,"cow-b
 (white-pattern)",4/4/2024,12:00:00,4/5/2024,12:00:00,15160,6325,39750,0,0,16833,8099,0,non-estrus,no data
ARIS group 3,"cow-c
 (black-pattern)",4/4/2024,12:00:00,4/5/2024,12:00:00,22621,5725,30996,99,0,22458,4268,0,non-estrus,no data
ARIS group 3,"cow-a
 (black)",4/4/2024,18:00:00,4/5/2024,18:00:00,23886,2275,35824,17,0,9531,14075,0,non-estrus,126
ARIS group 3,"cow-b
 (white-pattern)",4/4/2024,18:00:00,4/5/2024,18:00:00,13808,4186,39890,0,0,13573,14151,0,non-estrus,no data
ARIS group 3,"cow-c
 (black-pattern)",4/4/2024,18:00:00,4/5/2024,18:00:00,24276,4518,31705,99,0,19412,5598,0,non-estrus,no data
ARIS group 3,"cow-a
 (black)",4/5/2024,0:00:00,4/5/2024,23:59:59,22638,1106,34464,17,0,12004,14441,0,non-estrus,120
ARIS group 3,"cow-b
 (white-pattern)",4/5/2024,0:00:00,4/5/2024,23:59:59,15264,2877,36068,0,0,15763,14698,0,non-estrus,no data
ARIS group 3,"cow-c
 (black-pattern)",4/5/2024,0:00:00,4/5/2024,23:59:59,24278,2923,29626,99,0,21931,5813,0,non-estrus,no data
ARIS group 4,"cow-a
 (black)",4/6/2024,0:00:00,4/7/2024,0:00:00,19810,2306,22560,7,0,24717,16999,0,non-estrus,72
ARIS group 4,"cow-b
 (white-pattern)",4/6/2024,0:00:00,4/7/2024,0:00:00,13937,3213,40324,0,0,17117,11777,0,non-estrus,no data
ARIS group 4,"cow-c
 (black-pattern)",4/6/2024,0:00:00,4/7/2024,0:00:00,11108,3905,37816,47,0,28331,5192,0,non-estrus,no data
ARIS group 4,"cow-a
 (black)",4/6/2024,6:00:00,4/7/2024,6:00:00,19853,2632,22177,7,0,24693,16648,0,non-estrus,66
ARIS group 4,"cow-b
 (white-pattern)",4/6/2024,6:00:00,4/7/2024,6:00:00,13937,3631,36891,0,0,20092,11428,0,non-estrus,no data
ARIS group 4,"cow-c
 (black-pattern)",4/6/2024,6:00:00,4/7/2024,6:00:00,11234,4155,38463,0,0,27090,5068,0,non-estrus,no data
ARIS group 4,"cow-a
 (black)",4/6/2024,12:00:00,4/7/2024,12:00:00,21089,2077,21452,218,0,21237,20270,0,non-estrus,60
ARIS group 4,"cow-b
 (white-pattern)",4/6/2024,12:00:00,4/7/2024,12:00:00,15594,3293,32954,2,0,15723,18769,0,non-estrus,no data
ARIS group 4,"cow-c
 (black-pattern)",4/6/2024,12:00:00,4/7/2024,12:00:00,14770,6464,33178,0,0,22511,9420,0,non-estrus,no data
ARIS group 4,"cow-a
 (black)",4/6/2024,18:00:00,4/7/2024,18:00:00,24100,3350,19581,218,0,22901,16235,0,non-estrus,54
ARIS group 4,"cow-b
 (white-pattern)",4/6/2024,18:00:00,4/7/2024,18:00:00,15266,4402,31168,2,0,15416,20131,0,non-estrus,no data
ARIS group 4,"cow-c
 (black-pattern)",4/6/2024,18:00:00,4/7/2024,18:00:00,20198,5368,32854,67,0,18789,9109,0,non-estrus,no data
ARIS group 4,"cow-a
 (black)",4/7/2024,0:00:00,4/8/2024,0:00:00,23023,3122,32904,472,0,8605,18273,0,non-estrus,48
ARIS group 4,"cow-b
 (white-pattern)",4/7/2024,0:00:00,4/8/2024,0:00:00,16154,4364,33156,115,0,12587,20023,0,non-estrus,no data
ARIS group 4,"cow-c
 (black-pattern)",4/7/2024,0:00:00,4/8/2024,0:00:00,20974,5959,28306,67,0,20448,10645,0,non-estrus,no data
ARIS group 4,"cow-a
 (black)",4/7/2024,6:00:00,4/8/2024,6:00:00,23179,2802,22812,472,0,18040,18522,0,non-estrus,42
ARIS group 4,"cow-b
 (white-pattern)",4/7/2024,6:00:00,4/8/2024,6:00:00,16154,3523,27352,115,0,19941,18742,0,non-estrus,no data
ARIS group 4,"cow-c
 (black-pattern)",4/7/2024,6:00:00,4/8/2024,6:00:00,20854,5472,17187,67,0,31633,10614,0,non-estrus,no data
ARIS group 4,"cow-a
 (black)",4/7/2024,12:00:00,4/8/2024,12:00:00,21724,2633,22890,256,0,19000,19618,0,non-estrus,36
ARIS group 4,"cow-b
 (white-pattern)",4/7/2024,12:00:00,4/8/2024,12:00:00,13808,4156,26816,113,0,28351,12877,0,non-estrus,no data
ARIS group 4,"cow-c
 (black-pattern)",4/7/2024,12:00:00,4/8/2024,12:00:00,18201,3798,17356,67,0,40155,6544,0,non-estrus,no data
ARIS group 4,"cow-a
 (black)",4/7/2024,18:00:00,4/8/2024,18:00:00,15735,2487,24964,254,0,23491,18440,0,non-estrus,30
ARIS group 4,"cow-b
 (white-pattern)",4/7/2024,18:00:00,4/8/2024,18:00:00,6046,7351,28089,113,0,28903,14869,0,non-estrus,no data
ARIS group 4,"cow-c
 (black-pattern)",4/7/2024,18:00:00,4/8/2024,18:00:00,9453,4048,18259,0,0,43856,9755,0,non-estrus,no data
ARIS group 4,"cow-a
 (black)",4/8/2024,0:00:00,4/9/2024,0:00:00,21315,2140,18564,0,0,28786,14743,0,pre-estrus,24
ARIS group 4,"cow-b
 (white-pattern)",4/8/2024,0:00:00,4/9/2024,0:00:00,11863,8331,15328,0,0,37285,12741,0,non-estrus,no data
ARIS group 4,"cow-c
 (black-pattern)",4/8/2024,0:00:00,4/9/2024,0:00:00,17365,5056,8644,0,0,46485,7998,0,non-estrus,no data
ARIS group 4,"cow-a
 (black)",4/8/2024,6:00:00,4/9/2024,6:00:00,24331,2161,14449,0,7,31240,12969,0,pre-estrus,18
ARIS group 4,"cow-b
 (white-pattern)",4/8/2024,6:00:00,4/9/2024,6:00:00,12319,10971,10011,0,0,39232,12624,0,non-estrus,no data
ARIS group 4,"cow-c
 (black-pattern)",4/8/2024,6:00:00,4/9/2024,6:00:00,19886,4297,7646,0,0,45366,7955,0,non-estrus,no data
ARIS group 4,"cow-a
 (black)",4/8/2024,12:00:00,4/9/2024,12:00:00,23686,2104,14371,0,34,39579,4851,0,non-estrus,12
ARIS group 4,"cow-b
 (white-pattern)",4/8/2024,12:00:00,4/9/2024,12:00:00,13386,10259,9393,0,96,45081,6479,0,non-estrus,no data
ARIS group 4,"cow-c
 (black-pattern)",4/8/2024,12:00:00,4/9/2024,12:00:00,21406,4203,7477,0,0,46094,5534,0,non-estrus,no data
ARIS group 4,"cow-a
 (black)",4/8/2024,18:00:00,4/9/2024,18:00:00,24085,469,11598,0,34,45335,3951,0,non-estrus,6
ARIS group 4,"cow-b
 (white-pattern)",4/8/2024,18:00:00,4/9/2024,18:00:00,17471,4807,7251,0,96,53833,2083,0,non-estrus,no data
ARIS group 4,"cow-c
 (black-pattern)",4/8/2024,18:00:00,4/9/2024,18:00:00,24762,4469,4965,0,0,49671,1694,0,non-estrus,no data
ARIS group 4,"cow-a
 (black)",4/9/2024,0:00:00,4/10/2024,0:00:00,19035,158,14288,0,76,48795,3951,0,estrus,0
ARIS group 4,"cow-b
 (white-pattern)",4/9/2024,0:00:00,4/10/2024,0:00:00,10513,3035,14055,0,96,56548,2083,0,non-estrus,no data
ARIS group 4,"cow-c
 (black-pattern)",4/9/2024,0:00:00,4/10/2024,0:00:00,16808,2464,12292,0,0,53134,1694,0,non-estrus,no data
ARIS group 4,"cow-a
 (black)",4/9/2024,6:00:00,4/10/2024,6:00:00,16402,426,24454,7,81,40217,4534,0,estrus,0
ARIS group 4,"cow-b
 (white-pattern)",4/9/2024,6:00:00,4/10/2024,6:00:00,10058,291,13864,0,96,58072,3760,0,non-estrus,no data
ARIS group 4,"cow-c
 (black-pattern)",4/9/2024,6:00:00,4/10/2024,6:00:00,16707,3495,21454,0,0,41878,2678,0,non-estrus,no data
ARIS group 4,"cow-a
 (black)",4/9/2024,12:00:00,4/10/2024,12:00:00,13119,759,26587,16,54,36859,8713,0,estrus,0
ARIS group 4,"cow-b
 (white-pattern)",4/9/2024,12:00:00,4/10/2024,12:00:00,10219,769,19436,0,0,47195,8439,0,non-estrus,no data
ARIS group 4,"cow-c
 (black-pattern)",4/9/2024,12:00:00,4/10/2024,12:00:00,14457,3090,25649,0,0,35418,7488,0,non-estrus,no data
ARIS group 4,"cow-a
 (black)",4/9/2024,18:00:00,4/10/2024,18:00:00,15623,1152,26587,16,54,30420,12498,0,estrus,0
ARIS group 4,"cow-b
 (white-pattern)",4/9/2024,18:00:00,4/10/2024,18:00:00,13093,1164,18452,0,0,39269,14323,0,non-estrus,no data
ARIS group 4,"cow-c
 (black-pattern)",4/9/2024,18:00:00,4/10/2024,18:00:00,13726,2661,25587,0,0,32065,12306,0,non-estrus,no data
ARIS group 4,"cow-a
 (black)",4/10/2024,0:00:00,4/11/2024,23:59:59,14307,1219,34439,1068,12,22348,12597,0,non-estrus,0
ARIS group 4,"cow-b
 (white-pattern)",4/10/2024,0:00:00,4/11/2024,23:59:59,12765,1263,22196,0,0,35228,14531,0,non-estrus,no data
ARIS group 4,"cow-c
 (black-pattern)",4/10/2024,0:00:00,4/11/2024,23:59:59,12480,2661,28632,0,0,29301,12911,0,non-estrus,no data
ARIS group 5,"cow-a
(black)",30/9/2023,0:00:00,10/1/2023,0:00:00,20502,830,18239,900,0,33851,11868,0,non-estrus,120.44
ARIS group 5,"cow-b
(white-pattern)",30/9/2023,0:00:00,10/1/2023,0:00:00,14890,280,28670,487,0,36150,5713,0,non-estrus,No data
ARIS group 5,"cow-c
(black-pattern)",30/9/2023,0:00:00,10/1/2023,0:00:00,20119,497,30837,0,0,30611,4126,0,non-estrus,No data
ARIS group 5,"cow-a
(black)",30/9/2023,6:00:00,10/1/2023,6:00:00,19492,1919,19927,734,0,33413,10626,0,non-estrus,114.44
ARIS group 5,"cow-b
(white-pattern)",30/9/2023,6:00:00,10/1/2023,6:00:00,13985,985,30216,425,0,34561,5939,0,non-estrus,No data
ARIS group 5,"cow-c
(black-pattern)",30/9/2023,6:00:00,10/1/2023,6:00:00,19928,672,29401,0,0,34255,1855,0,non-estrus,No data
ARIS group 5,"cow-a
(black)",30/9/2023,12:00:00,10/1/2023,12:00:00,18876,2013,15709,734,0,33241,14379,0,non-estrus,108.44
ARIS group 5,"cow-b
(white-pattern)",30/9/2023,12:00:00,10/1/2023,12:00:00,13089,1013,29052,0,0,37587,4211,0,non-estrus,No data
ARIS group 5,"cow-c
(black-pattern)",30/9/2023,12:00:00,10/1/2023,12:00:00,20129,695,23326,0,0,37285,3517,0,non-estrus,No data
ARIS group 5,"cow-a
(black)",30/9/2023,18:00:00,10/1/2023,18:00:00,20115,4050,17856,734,0,32225,11377,0,non-estrus,102.44
ARIS group 5,"cow-b
(white-pattern)",30/9/2023,18:00:00,10/1/2023,18:00:00,12420,1583,28252,28,0,37166,6908,0,non-estrus,No data
ARIS group 5,"cow-c
(black-pattern)",30/9/2023,18:00:00,10/1/2023,18:00:00,22483,3396,22204,0,0,33685,4589,0,non-estrus,No data
ARIS group 5,"cow-a
(black)",10/1/2023,0:00:00,10/2/2023,0:00:00,18625,4194,17213,83,0,34292,11970,0,non-estrus,96.44
ARIS group 5,"cow-b
(white-pattern)",10/1/2023,0:00:00,10/2/2023,0:00:00,11216,1756,30890,28,0,35512,6975,0,non-estrus,No data
ARIS group 5,"cow-c
(black-pattern)",10/1/2023,0:00:00,10/2/2023,0:00:00,21347,3118,20944,0,0,36153,4815,0,non-estrus,No data
ARIS group 5,"cow-a
(black)",10/1/2023,6:00:00,10/2/2023,6:00:00,18724,3105,19354,83,0,32922,11148,0,non-estrus,90.44
ARIS group 5,"cow-b
(white-pattern)",10/1/2023,6:00:00,10/2/2023,6:00:00,11216,1316,31572,28,0,35516,5688,0,non-estrus,No data
ARIS group 5,"cow-c
(black-pattern)",10/1/2023,6:00:00,10/2/2023,6:00:00,21119,2943,25171,0,0,30833,5270,0,non-estrus,No data
ARIS group 5,"cow-a
(black)",10/1/2023,12:00:00,10/2/2023,12:00:00,18836,3085,23980,83,0,33032,6497,0,non-estrus,84.44
ARIS group 5,"cow-b
(white-pattern)",10/1/2023,12:00:00,10/2/2023,12:00:00,9522,1174,36746,28,0,32577,5466,0,non-estrus,No data
ARIS group 5,"cow-c
(black-pattern)",10/1/2023,12:00:00,10/2/2023,12:00:00,19534,2920,29502,0,0,30726,2831,0,non-estrus,No data
ARIS group 5,"cow-a
(black)",10/1/2023,18:00:00,10/2/2023,18:00:00,17960,2037,22989,83,0,32683,9893,0,non-estrus,78.44
ARIS group 5,"cow-b
(white-pattern)",10/1/2023,18:00:00,10/2/2023,18:00:00,11713,1587,34871,0,0,32402,5072,0,non-estrus,No data
ARIS group 5,"cow-c
(black-pattern)",10/1/2023,18:00:00,10/2/2023,18:00:00,20786,1013,29502,0,0,32440,1904,0,non-estrus,No data
ARIS group 5,"cow-a
(black)",10/2/2023,0:00:00,10/3/2023,0:00:00,17002,2327,25078,0,0,32467,9520,0,non-estrus,72.44
ARIS group 5,"cow-b
(white-pattern)",10/2/2023,0:00:00,10/3/2023,0:00:00,11519,2531,37037,0,0,31028,4279,0,non-estrus,No data
ARIS group 5,"cow-c
(black-pattern)",10/2/2023,0:00:00,10/3/2023,0:00:00,18995,1013,35697,0,0,29079,1610,0,non-estrus,No data
ARIS group 5,"cow-a
(black)",10/2/2023,6:00:00,10/3/2023,6:00:00,17063,2515,23053,0,0,33286,9864,0,non-estrus,66.44
ARIS group 5,"cow-b
(white-pattern)",10/2/2023,6:00:00,10/3/2023,6:00:00,11519,2518,39226,0,0,27977,4541,0,non-estrus,No data
ARIS group 5,"cow-c
(black-pattern)",10/2/2023,6:00:00,10/3/2023,6:00:00,20497,1133,37440,0,0,24971,1740,0,non-estrus,No data
ARIS group 5,"cow-a
(black)",10/2/2023,12:00:00,10/3/2023,12:00:00,12714,2544,19674,0,0,35129,10610,0,non-estrus,60.44
ARIS group 5,"cow-b
(white-pattern)",10/2/2023,12:00:00,10/3/2023,12:00:00,8914,2483,36450,0,0,28372,4452,0,non-estrus,No data
ARIS group 5,"cow-c
(black-pattern)",10/2/2023,12:00:00,10/3/2023,12:00:00,17875,2159,36885,0,0,21701,2051,0,non-estrus,No data
ARIS group 5,"cow-a
(black)",10/2/2023,18:00:00,10/3/2023,18:00:00,16987,2035,16973,0,0,35882,14377,0,non-estrus,54.44
ARIS group 5,"cow-b
(white-pattern)",10/2/2023,18:00:00,10/3/2023,18:00:00,10460,1406,41370,0,0,28371,4647,0,non-estrus,No data
ARIS group 5,"cow-c
(black-pattern)",10/2/2023,18:00:00,10/3/2023,18:00:00,22410,2018,36885,0,0,21328,3613,0,non-estrus,No data
ARIS group 5,"cow-a
(black)",10/3/2023,0:00:00,10/4/2023,0:00:00,15805,1832,19920,0,0,33746,15096,0,non-estrus,48.44
ARIS group 5,"cow-b
(white-pattern)",10/3/2023,0:00:00,10/4/2023,0:00:00,11204,949,41718,0,0,26985,5543,0,non-estrus,No data
ARIS group 5,"cow-c
(black-pattern)",10/3/2023,0:00:00,10/4/2023,0:00:00,20572,2018,38456,0,0,21185,4168,0,non-estrus,No data
ARIS group 5,"cow-a
(black)",10/3/2023,6:00:00,10/4/2023,6:00:00,16265,1965,22988,0,0,29299,15238,0,non-estrus,42.44
ARIS group 5,"cow-b
(white-pattern)",10/3/2023,6:00:00,10/4/2023,6:00:00,11774,878,47133,0,0,20045,5925,0,non-estrus,No data
ARIS group 5,"cow-c
(black-pattern)",10/3/2023,6:00:00,10/4/2023,6:00:00,19070,1991,42477,0,0,17756,4461,0,non-estrus,No data
ARIS group 5,"cow-a
(black)",10/3/2023,12:00:00,10/4/2023,12:00:00,14959,2161,21097,0,0,27291,19405,0,non-estrus,36.44
ARIS group 5,"cow-b
(white-pattern)",10/3/2023,12:00:00,10/4/2023,12:00:00,10017,931,46680,0,0,20988,6297,0,non-estrus,No data
ARIS group 5,"cow-c
(black-pattern)",10/3/2023,12:00:00,10/4/2023,12:00:00,16921,1556,41890,0,0,16507,8039,0,non-estrus,No data
ARIS group 5,"cow-a
(black)",10/3/2023,18:00:00,10/4/2023,18:00:00,19221,1546,21097,0,0,26001,18140,0,non-estrus,30.44
ARIS group 5,"cow-b
(white-pattern)",10/3/2023,18:00:00,10/4/2023,18:00:00,15743,1043,43510,0,0,18712,6997,0,non-estrus,No data
ARIS group 5,"cow-c
(black-pattern)",10/3/2023,18:00:00,10/4/2023,18:00:00,21576,1796,41890,0,0,11380,9363,0,non-estrus,No data
ARIS group 5,"cow-a
(black)",10/4/2023,0:00:00,10/4/2023,23:59:59,20555,1249,13438,0,0,32748,18150,0,non-estrus,26.44
ARIS group 5,"cow-b
(white-pattern)",10/4/2023,0:00:00,10/4/2023,23:59:59,14951,1201,37858,0,0,24833,7297,0,non-estrus,No data
ARIS group 5,"cow-c
(black-pattern)",10/4/2023,0:00:00,10/4/2023,23:59:59,22991,1796,34970,0,0,16407,9976,0,non-estrus,No data
ARIS group 6,"cow-a
(black)",10/5/2023,0:00:00,10/6/2023,0:00:00,12739,1836,25623,19,0,34491,11691,0,non-estrus,24.44
ARIS group 6,"cow-b
(white-pattern)",10/5/2023,0:00:00,10/6/2023,0:00:00,10916,3915,35764,0,0,34275,1529,0,non-estrus,No Data
ARIS group 6,"cow-c
(black-pattern)",10/5/2023,0:00:00,10/6/2023,0:00:00,20463,2765,33449,21,0,29692,9,0,non-estrus,No Data
ARIS group 6,"cow-a
(black)",10/5/2023,6:00:00,10/6/2023,6:00:00,12061,1765,33001,0,0,27004,12345,0,non-estrus,18.44
ARIS group 6,"cow-b
(white-pattern)",10/5/2023,6:00:00,10/6/2023,6:00:00,10221,2345,40533,0,0,31453,1624,0,non-estrus,No Data
ARIS group 6,"cow-c
(black-pattern)",10/5/2023,6:00:00,10/6/2023,6:00:00,19757,2719,39947,21,0,23723,9,0,non-estrus,No Data
ARIS group 6,"cow-a
(black)",10/5/2023,12:00:00,10/6/2023,12:00:00,13723,1845,30525,0,0,30540,9189,0,non-estrus,12.44
ARIS group 6,"cow-b
(white-pattern)",10/5/2023,12:00:00,10/6/2023,12:00:00,11031,2516,35504,0,0,35343,1428,0,non-estrus,No Data
ARIS group 6,"cow-c
(black-pattern)",10/5/2023,12:00:00,10/6/2023,12:00:00,21004,2779,35096,21,0,26654,268,0,non-estrus,No Data
ARIS group 6,"cow-a
(black)",10/5/2023,18:00:00,10/6/2023,18:00:00,13449,1484,29439,0,0,32878,8970,0,non-estrus,6.44
ARIS group 6,"cow-b
(white-pattern)",10/5/2023,18:00:00,10/6/2023,18:00:00,10911,2293,35631,0,0,35933,1452,0,non-estrus,No Data
ARIS group 6,"cow-c
(black-pattern)",10/5/2023,18:00:00,10/6/2023,18:00:00,18652,2241,35926,21,0,29081,299,0,non-estrus,No Data
ARIS group 6,"cow-a
(black)",10/6/2023,0:00:00,10/7/2023,0:00:00,12183,976,33771,0,0,28830,10639,0,non-estrus,0.44
ARIS group 6,"cow-b
(white-pattern)",10/6/2023,0:00:00,10/7/2023,0:00:00,10690,1122,34457,0,0,38076,2054,0,non-estrus,No Data
ARIS group 6,"cow-c
(black-pattern)",10/6/2023,0:00:00,10/7/2023,0:00:00,17411,718,34551,0,0,31840,1879,0,non-estrus,No Data
ARIS group 6,"cow-a
(black)",10/6/2023,6:00:00,10/7/2023,6:00:00,12454,612,28913,128,213,33556,10498,0,estrus,-5.56
ARIS group 6,"cow-b
(white-pattern)",10/6/2023,6:00:00,10/7/2023,6:00:00,10408,940,28424,193,679,43771,1959,0,pre-estrus,No Data
ARIS group 6,"cow-c
(black-pattern)",10/6/2023,6:00:00,10/7/2023,6:00:00,18581,929,26044,0,0,38941,1879,0,non-estrus,No Data
ARIS group 6,"cow-a
(black)",10/6/2023,12:00:00,10/7/2023,12:00:00,11641,932,28052,354,220,35824,9110,0,estrus,-11.56
ARIS group 6,"cow-b
(white-pattern)",10/6/2023,12:00:00,10/7/2023,12:00:00,10047,870,25748,211,686,46938,1633,0,pre-estrus,No Data
ARIS group 6,"cow-c
(black-pattern)",10/6/2023,12:00:00,10/7/2023,12:00:00,20420,1351,20707,0,0,42035,1620,0,non-estrus,No Data
ARIS group 6,"cow-a
(black)",10/6/2023,18:00:00,10/7/2023,18:00:00,11622,1534,31803,354,220,33826,6778,0,estrus,-17.56
ARIS group 6,"cow-b
(white-pattern)",10/6/2023,18:00:00,10/7/2023,18:00:00,8352,456,29535,211,686,46213,684,0,pre-estrus,No Data
ARIS group 6,"cow-c
(black-pattern)",10/6/2023,18:00:00,10/7/2023,18:00:00,18760,1699,24875,0,0,39196,1607,0,non-estrus,No Data
ARIS group 6,"cow-a
(black)",10/7/2023,0:00:00,10/8/2023,0:00:00,14743,2329,26062,388,220,37542,5115,0,estrus,-23.56
ARIS group 6,"cow-b
(white-pattern)",10/7/2023,0:00:00,10/8/2023,0:00:00,10400,997,31838,211,686,42185,82,0,pre-estrus,No Data
ARIS group 6,"cow-c
(black-pattern)",10/7/2023,0:00:00,10/8/2023,0:00:00,21423,2570,25040,0,0,37339,27,0,non-estrus,No Data
ARIS group 6,"cow-a
(black)",10/7/2023,6:00:00,10/8/2023,6:00:00,14129,2367,23991,260,7,40633,4701,0,non-estrus,No Data
ARIS group 6,"cow-b
(white-pattern)",10/7/2023,6:00:00,10/8/2023,6:00:00,10435,1105,34272,18,7,40169,82,0,non-estrus,No Data
ARIS group 6,"cow-c
(black-pattern)",10/7/2023,6:00:00,10/8/2023,6:00:00,20513,2384,32538,0,0,30626,27,0,non-estrus,No Data
ARIS group 6,"cow-a
(black)",10/7/2023,12:00:00,10/8/2023,12:00:00,14000,2087,24911,34,0,40779,3990,0,non-estrus,No Data
ARIS group 6,"cow-b
(white-pattern)",10/7/2023,12:00:00,10/8/2023,12:00:00,12756,1082,36078,0,0,35413,472,0,non-estrus,No Data
ARIS group 6,"cow-c
(black-pattern)",10/7/2023,12:00:00,10/8/2023,12:00:00,14298,1941,41376,0,0,28115,71,0,non-estrus,No Data
ARIS group 6,"cow-a
(black)",10/7/2023,18:00:00,10/8/2023,18:00:00,13947,1867,23431,34,0,43810,2590,0,non-estrus,No Data
ARIS group 6,"cow-b
(white-pattern)",10/7/2023,18:00:00,10/8/2023,18:00:00,13634,749,33549,0,0,36814,933,0,non-estrus,No Data
ARIS group 6,"cow-c
(black-pattern)",10/7/2023,18:00:00,10/8/2023,18:00:00,16943,1709,35162,0,0,31711,154,0,non-estrus,No Data
ARIS group 6,"cow-a
(black)",10/8/2023,0:00:00,10/9/2023,0:00:00,14291,1100,17780,0,0,48983,4245,0,non-estrus,No Data
ARIS group 6,"cow-b
(white-pattern)",10/8/2023,0:00:00,10/9/2023,0:00:00,16147,368,30659,0,0,38234,991,0,non-estrus,No Data
ARIS group 6,"cow-c
(black-pattern)",10/8/2023,0:00:00,10/9/2023,0:00:00,17341,838,32681,0,0,35385,154,0,non-estrus,No Data
ARIS group 6,"cow-a
(black)",10/8/2023,6:00:00,10/9/2023,6:00:00,14249,1427,16684,0,0,49224,4574,0,non-estrus,No Data
ARIS group 6,"cow-b
(white-pattern)",10/8/2023,6:00:00,10/9/2023,6:00:00,17158,621,32333,0,0,35055,991,0,non-estrus,No Data
ARIS group 6,"cow-c
(black-pattern)",10/8/2023,6:00:00,10/9/2023,6:00:00,17045,449,36573,0,0,31937,154,0,non-estrus,No Data
ARIS group 6,"cow-a
(black)",10/8/2023,12:00:00,10/9/2023,12:00:00,10382,1356,22526,0,0,47246,4715,0,non-estrus,No Data
ARIS group 6,"cow-b
(white-pattern)",10/8/2023,12:00:00,10/9/2023,12:00:00,12612,559,38255,0,0,33874,925,0,non-estrus,No Data
ARIS group 6,"cow-c
(black-pattern)",10/8/2023,12:00:00,10/9/2023,12:00:00,12692,426,40812,0,0,32185,110,0,non-estrus,No Data
ARIS group 6,"cow-a
(black)",10/8/2023,18:00:00,10/9/2023,18:00:00,10367,1001,16757,159,0,47851,9493,0,non-estrus,No Data
ARIS group 6,"cow-b
(white-pattern)",10/8/2023,18:00:00,10/9/2023,18:00:00,11096,831,30715,0,0,42088,898,0,non-estrus,No Data
ARIS group 6,"cow-c
(black-pattern)",10/8/2023,18:00:00,10/9/2023,18:00:00,7906,147,38421,1953,84,37040,77,0,pre-estrus,No Data
ARIS group 6,"cow-a
(black)",10/9/2023,0:00:00,10/9/2023,23:59:59,11658,973,24973,159,0,40588,7749,0,non-estrus,No Data
ARIS group 6,"cow-b
(white-pattern)",10/9/2023,0:00:00,10/9/2023,23:59:59,7562,671,40645,0,0,36344,878,0,non-estrus,No Data
ARIS group 6,"cow-c
(black-pattern)",10/9/2023,0:00:00,10/9/2023,23:59:59,7557,181,44735,1970,84,31448,125,0,pre-estrus,No Data
ARIS group 7,"cow-a
(black)",22/1/2024,0:00:00,23/1/2024,0:00:00,28013,1977,31998,0,0,14692,9719,0,non-estrus,24
ARIS group 7,"cow-b
(white-pattern)",22/1/2024,0:00:00,23/1/2024,0:00:00,17274,224,40672,0,0,21439,6790,0,non-estrus,24
ARIS group 7,"cow-c
(black-pattern)",22/1/2024,0:00:00,23/1/2024,0:00:00,29618,250,37863,0,0,14176,4492,0,non-estrus,24
ARIS group 7,"cow-a
(black)",22/1/2024,6:00:00,23/1/2024,6:00:00,28013,1977,22475,0,0,16073,9719,0,non-estrus,24
ARIS group 7,"cow-b
(white-pattern)",22/1/2024,6:00:00,23/1/2024,6:00:00,17274,224,32570,0,0,21399,6790,0,non-estrus,24
ARIS group 7,"cow-c
(black-pattern)",22/1/2024,6:00:00,23/1/2024,6:00:00,31582,250,27132,0,0,14801,4492,0,non-estrus,24
ARIS group 7,"cow-a
(black)",22/1/2024,12:00:00,23/1/2024,12:00:00,29188,1612,30680,0,0,14660,9710,0,non-estrus,24
ARIS group 7,"cow-b
(white-pattern)",22/1/2024,12:00:00,23/1/2024,12:00:00,18888,672,41113,0,0,19691,5486,0,non-estrus,24
ARIS group 7,"cow-c
(black-pattern)",22/1/2024,12:00:00,23/1/2024,12:00:00,34600,208,36762,0,0,11305,2975,0,non-estrus,24
ARIS group 7,"cow-a
(black)",22/1/2024,18:00:00,23/1/2024,18:00:00,27614,3963,33994,6,0,10817,8747,0,non-estrus,24
ARIS group 7,"cow-b
(white-pattern)",22/1/2024,18:00:00,23/1/2024,18:00:00,19761,794,39380,0,0,16816,8390,0,non-estrus,24
ARIS group 7,"cow-c
(black-pattern)",22/1/2024,18:00:00,23/1/2024,18:00:00,30760,125,39071,0,0,9303,5882,0,non-estrus,24
ARIS group 7,"cow-a
(black)",23/1/2024,0:00:00,24/1/2024,0:00:00,25728,4147,37589,6,0,10825,8104,0,non-estrus,24
ARIS group 7,"cow-b
(white-pattern)",23/1/2024,0:00:00,24/1/2024,0:00:00,19908,892,42289,0,0,15043,8267,0,non-estrus,24
ARIS group 7,"cow-c
(black-pattern)",23/1/2024,0:00:00,24/1/2024,0:00:00,29171,323,39870,28,0,11075,5932,0,non-estrus,24
ARIS group 7,"cow-a
(black)",23/1/2024,6:00:00,24/1/2024,6:00:00,26980,4147,31642,6,0,13381,8144,0,non-estrus,24
ARIS group 7,"cow-b
(white-pattern)",23/1/2024,6:00:00,24/1/2024,6:00:00,20637,892,38191,0,0,15985,8595,0,non-estrus,24
ARIS group 7,"cow-c
(black-pattern)",23/1/2024,6:00:00,24/1/2024,6:00:00,29234,323,36980,28,0,10953,6782,0,non-estrus,24
ARIS group 7,"cow-a
(black)",23/1/2024,12:00:00,24/1/2024,12:00:00,23792,3290,33737,6,0,15306,7177,1962,non-estrus,24
ARIS group 7,"cow-b
(white-pattern)",23/1/2024,12:00:00,24/1/2024,12:00:00,15690,379,40535,0,0,18032,8672,1962,non-estrus,24
ARIS group 7,"cow-c
(black-pattern)",23/1/2024,12:00:00,24/1/2024,12:00:00,24245,198,39356,28,0,12949,6532,1962,non-estrus,24
ARIS group 7,"cow-a
(black)",23/1/2024,18:00:00,24/1/2024,18:00:00,27105,1840,28916,299,0,15478,7095,5325,non-estrus,24
ARIS group 7,"cow-b
(white-pattern)",23/1/2024,18:00:00,24/1/2024,18:00:00,18341,143,38869,0,0,17495,5885,5325,non-estrus,24
ARIS group 7,"cow-c
(black-pattern)",23/1/2024,18:00:00,24/1/2024,18:00:00,26418,963,35307,28,0,13402,4615,5325,non-estrus,24
ARIS group 7,"cow-a
(black)",24/1/2024,0:00:00,25/1/2024,0:00:00,26330,1502,30830,299,0,14302,7811,5325,non-estrus,24
ARIS group 7,"cow-b
(white-pattern)",24/1/2024,0:00:00,25/1/2024,0:00:00,18064,45,39157,0,0,17466,6342,5325,non-estrus,24
ARIS group 7,"cow-c
(black-pattern)",24/1/2024,0:00:00,25/1/2024,0:00:00,26177,832,37781,0,0,11720,4564,5325,non-estrus,24
ARIS group 7,"cow-a
(black)",24/1/2024,6:00:00,25/1/2024,6:00:00,25079,1502,33357,299,0,12486,7772,5325,non-estrus,24
ARIS group 7,"cow-b
(white-pattern)",24/1/2024,6:00:00,25/1/2024,6:00:00,17336,45,38435,0,0,18665,6014,5325,non-estrus,24
ARIS group 7,"cow-c
(black-pattern)",24/1/2024,6:00:00,25/1/2024,6:00:00,25112,832,36660,0,0,14116,3775,5325,non-estrus,24
ARIS group 7,"cow-a
(black)",24/1/2024,12:00:00,25/1/2024,12:00:00,25345,1542,33875,299,0,12913,9003,3363,non-estrus,24
ARIS group 7,"cow-b
(white-pattern)",24/1/2024,12:00:00,25/1/2024,12:00:00,17570,45,39714,0,0,21258,4390,3363,non-estrus,24
ARIS group 7,"cow-c
(black-pattern)",24/1/2024,12:00:00,25/1/2024,12:00:00,23948,912,37105,0,0,17229,3783,3363,non-estrus,24
ARIS group 7,"cow-a
(black)",24/1/2024,18:00:00,25/1/2024,18:00:00,23992,1890,34448,0,0,17604,8106,0,non-estrus,24
ARIS group 7,"cow-b
(white-pattern)",24/1/2024,18:00:00,25/1/2024,18:00:00,16905,2404,41142,0,0,22934,2655,0,non-estrus,24
ARIS group 7,"cow-c
(black-pattern)",24/1/2024,18:00:00,25/1/2024,18:00:00,22297,1379,41909,0,0,17075,3380,0,non-estrus,24
ARIS group 7,"cow-a
(black)",25/1/2024,0:00:00,26/1/2024,0:00:00,22474,1890,36771,0,0,16502,8762,0,non-estrus,24
ARIS group 7,"cow-b
(white-pattern)",25/1/2024,0:00:00,26/1/2024,0:00:00,15775,2404,42812,0,0,23143,2265,0,non-estrus,24
ARIS group 7,"cow-c
(black-pattern)",25/1/2024,0:00:00,26/1/2024,0:00:00,20543,1312,41247,0,0,17995,5302,0,non-estrus,24
ARIS group 7,"cow-a
(black)",25/1/2024,6:00:00,26/1/2024,6:00:00,22474,1890,33804,0,0,17122,8762,0,non-estrus,24
ARIS group 7,"cow-b
(white-pattern)",25/1/2024,6:00:00,26/1/2024,6:00:00,15775,2404,40333,0,0,23275,2265,0,non-estrus,24
ARIS group 7,"cow-c
(black-pattern)",25/1/2024,6:00:00,26/1/2024,6:00:00,20558,1312,40667,0,0,15899,5616,0,non-estrus,24
ARIS group 7,"cow-a
(black)",25/1/2024,12:00:00,26/1/2024,12:00:00,22797,4518,36334,0,0,15250,6574,0,non-estrus,24
ARIS group 7,"cow-b
(white-pattern)",25/1/2024,12:00:00,26/1/2024,12:00:00,19427,3955,40931,0,0,17522,3638,0,non-estrus,24
ARIS group 7,"cow-c
(black-pattern)",25/1/2024,12:00:00,26/1/2024,12:00:00,22816,2454,41700,0,0,12508,5995,0,non-estrus,24
ARIS group 7,"cow-a
(black)",25/1/2024,18:00:00,26/1/2024,18:00:00,24082,4541,35761,17,0,15591,6293,0,non-estrus,24
ARIS group 7,"cow-b
(white-pattern)",25/1/2024,18:00:00,26/1/2024,18:00:00,19033,3315,41742,0,0,18885,3310,0,non-estrus,24
ARIS group 7,"cow-c
(black-pattern)",25/1/2024,18:00:00,26/1/2024,18:00:00,24302,1759,40382,0,0,14148,5694,0,non-estrus,24
ARIS group 7,"cow-a
(black)",26/1/2024,0:00:00,26/1/2024,23:59:59,25142,4648,36980,17,0,13468,5683,0,non-estrus,23.99
ARIS group 7,"cow-b
(white-pattern)",26/1/2024,0:00:00,26/1/2024,23:59:59,20036,3434,38929,0,0,19922,3617,0,non-estrus,23.99
ARIS group 7,"cow-c
(black-pattern)",26/1/2024,0:00:00,26/1/2024,23:59:59,27814,2103,40064,0,0,12122,3835,0,non-estrus,23.99
ARIS group 8,"cow-a
(black)",27/1/2024,0:00:00,28/1/2024,0:00:00,23694,2141,36990,0,0,12295,10829,0,non-estrus,293.5
ARIS group 8,"cow-b
(white-pattern)",27/1/2024,0:00:00,28/1/2024,0:00:00,19482,435,35141,0,0,20214,10677,0,non-estrus,284
ARIS group 8,"cow-c
(black-pattern)",27/1/2024,0:00:00,28/1/2024,0:00:00,26570,620,36610,0,0,15149,7000,0,non-estrus,275
ARIS group 8,"cow-a
(black)",27/1/2024,6:00:00,28/1/2024,6:00:00,23738,2782,32438,0,0,15620,10652,0,non-estrus,287.5
ARIS group 8,"cow-b
(white-pattern)",27/1/2024,6:00:00,28/1/2024,6:00:00,19274,435,36318,0,0,18703,10500,0,non-estrus,278
ARIS group 8,"cow-c
(black-pattern)",27/1/2024,6:00:00,28/1/2024,6:00:00,26657,1660,32932,0,0,16888,7093,0,non-estrus,269
ARIS group 8,"cow-a
(black)",27/1/2024,12:00:00,28/1/2024,12:00:00,26522,4002,33338,0,0,12616,8933,0,non-estrus,281.5
ARIS group 8,"cow-b
(white-pattern)",27/1/2024,12:00:00,28/1/2024,12:00:00,19174,4117,37223,0,0,14528,10369,0,non-estrus,272
ARIS group 8,"cow-c
(black-pattern)",27/1/2024,12:00:00,28/1/2024,12:00:00,24175,4813,33126,0,0,16621,6676,0,non-estrus,263
ARIS group 8,"cow-a
(black)",27/1/2024,18:00:00,28/1/2024,18:00:00,24424,4920,33338,0,0,10944,12704,0,non-estrus,275.5
ARIS group 8,"cow-b
(white-pattern)",27/1/2024,18:00:00,28/1/2024,18:00:00,19486,7449,38274,0,0,12342,8779,0,non-estrus,266
ARIS group 8,"cow-c
(black-pattern)",27/1/2024,18:00:00,28/1/2024,18:00:00,23298,5186,38074,0,0,12719,7053,0,non-estrus,257
ARIS group 8,"cow-a
(black)",28/1/2024,0:00:00,29/1/2024,0:00:00,27903,6808,26549,0,0,12308,12831,0,non-estrus,269.5
ARIS group 8,"cow-b
(white-pattern)",28/1/2024,0:00:00,29/1/2024,0:00:00,18694,8725,41718,0,0,7806,9456,0,non-estrus,260
ARIS group 8,"cow-c
(black-pattern)",28/1/2024,0:00:00,29/1/2024,0:00:00,23731,5365,36573,0,0,14038,6692,0,non-estrus,251
ARIS group 8,"cow-a
(black)",28/1/2024,6:00:00,29/1/2024,6:00:00,27801,6021,30006,0,0,9472,12800,0,non-estrus,263.5
ARIS group 8,"cow-b
(white-pattern)",28/1/2024,6:00:00,29/1/2024,6:00:00,18694,8725,40356,0,0,8869,9456,0,non-estrus,254
ARIS group 8,"cow-c
(black-pattern)",28/1/2024,6:00:00,29/1/2024,6:00:00,22359,4325,42138,0,0,10980,6298,0,non-estrus,245
ARIS group 8,"cow-a
(black)",28/1/2024,12:00:00,29/1/2024,12:00:00,24401,4584,30038,0,0,11717,14970,0,non-estrus,257.5
ARIS group 8,"cow-b
(white-pattern)",28/1/2024,12:00:00,29/1/2024,12:00:00,14909,5035,39778,0,0,14030,11958,0,non-estrus,248
ARIS group 8,"cow-c
(black-pattern)",28/1/2024,12:00:00,29/1/2024,12:00:00,19816,910,43063,0,0,10554,11367,0,non-estrus,239
ARIS group 8,"cow-a
(black)",28/1/2024,18:00:00,29/1/2024,18:00:00,26870,3200,30038,0,0,18320,7402,0,non-estrus,251.5
ARIS group 8,"cow-b
(white-pattern)",28/1/2024,18:00:00,29/1/2024,18:00:00,14731,1191,38727,0,0,22207,8974,0,non-estrus,242
ARIS group 8,"cow-c
(black-pattern)",28/1/2024,18:00:00,29/1/2024,18:00:00,19587,433,38115,0,0,19159,8536,0,non-estrus,233
ARIS group 8,"cow-a
(black)",29/1/2024,0:00:00,30/1/2024,0:00:00,28691,1312,32198,0,0,15804,7165,0,non-estrus,245.5
ARIS group 8,"cow-b
(white-pattern)",29/1/2024,0:00:00,30/1/2024,0:00:00,16967,255,35782,0,0,24156,8010,0,non-estrus,236
ARIS group 8,"cow-c
(black-pattern)",29/1/2024,0:00:00,30/1/2024,0:00:00,19218,254,39488,0,0,17316,8894,0,non-estrus,227
ARIS group 8,"cow-a
(black)",29/1/2024,6:00:00,30/1/2024,6:00:00,29712,1630,31262,0,0,15731,7165,0,non-estrus,239.5
ARIS group 8,"cow-b
(white-pattern)",29/1/2024,6:00:00,30/1/2024,6:00:00,16967,255,38137,0,0,22131,8010,0,non-estrus,230
ARIS group 8,"cow-c
(black-pattern)",29/1/2024,6:00:00,30/1/2024,6:00:00,22545,475,35249,0,0,18337,8894,0,non-estrus,221
ARIS group 8,"cow-a
(black)",29/1/2024,12:00:00,30/1/2024,12:00:00,30268,2471,33181,0,0,13154,6449,0,non-estrus,233.5
ARIS group 8,"cow-b
(white-pattern)",29/1/2024,12:00:00,30/1/2024,12:00:00,17282,2353,39480,0,0,13962,12446,0,non-estrus,224
ARIS group 8,"cow-c
(black-pattern)",29/1/2024,12:00:00,30/1/2024,12:00:00,30315,1128,36289,0,0,13210,4581,0,non-estrus,215
ARIS group 8,"cow-a
(black)",29/1/2024,18:00:00,30/1/2024,18:00:00,26911,5776,33181,0,0,11948,7984,0,non-estrus,227.5
ARIS group 8,"cow-b
(white-pattern)",29/1/2024,18:00:00,30/1/2024,18:00:00,15922,4695,39480,0,0,8143,17560,0,non-estrus,218
ARIS group 8,"cow-c
(black-pattern)",29/1/2024,18:00:00,30/1/2024,18:00:00,26379,1116,37160,0,0,14393,6752,0,non-estrus,209
ARIS group 8,"cow-a
(black)",30/1/2024,0:00:00,31/1/2024,0:00:00,27189,6544,31903,0,0,11899,8077,0,non-estrus,221.5
ARIS group 8,"cow-b
(white-pattern)",30/1/2024,0:00:00,31/1/2024,0:00:00,16966,5954,36947,0,0,8149,17596,0,non-estrus,212
ARIS group 8,"cow-c
(black-pattern)",30/1/2024,0:00:00,31/1/2024,0:00:00,30105,1226,33139,0,0,14237,6905,0,non-estrus,203
ARIS group 8,"cow-a
(black)",30/1/2024,6:00:00,31/1/2024,6:00:00,26168,6226,34695,0,0,11168,8077,0,non-estrus,215.5
ARIS group 8,"cow-b
(white-pattern)",30/1/2024,6:00:00,31/1/2024,6:00:00,16966,5954,35988,0,0,9830,17596,0,non-estrus,206
ARIS group 8,"cow-c
(black-pattern)",30/1/2024,6:00:00,31/1/2024,6:00:00,26778,1005,37668,0,0,13954,6929,0,non-estrus,197
ARIS group 8,"cow-a
(black)",30/1/2024,12:00:00,31/1/2024,12:00:00,22680,4984,33344,0,0,18989,5754,0,non-estrus,209.5
ARIS group 8,"cow-b
(white-pattern)",30/1/2024,12:00:00,31/1/2024,12:00:00,16364,4328,34688,0,0,21523,8848,0,non-estrus,200
ARIS group 8,"cow-c
(black-pattern)",30/1/2024,12:00:00,31/1/2024,12:00:00,20675,308,36297,0,0,24685,3786,0,non-estrus,191
ARIS group 8,"cow-a
(black)",30/1/2024,18:00:00,31/1/2024,18:00:00,30144,1353,33344,0,0,13588,7371,0,non-estrus,203.5
ARIS group 8,"cow-b
(white-pattern)",30/1/2024,18:00:00,31/1/2024,18:00:00,23335,2420,34688,0,0,19307,6050,0,non-estrus,194
ARIS group 8,"cow-c
(black-pattern)",30/1/2024,18:00:00,31/1/2024,18:00:00,30143,1609,35426,0,0,17151,1471,0,non-estrus,185
ARIS group 8,"cow-a
(black)",31/1/2024,0:00:00,31/1/2024,23:59:59,31308,585,29962,0,0,15791,7278,0,non-estrus,194.5
ARIS group 8,"cow-b
(white-pattern)",31/1/2024,0:00:00,31/1/2024,23:59:59,24284,1665,30047,0,0,22914,6014,0,non-estrus,188
ARIS group 8,"cow-c
(black-pattern)",31/1/2024,0:00:00,31/1/2024,23:59:59,27911,1499,35049,0,0,19547,918,0,non-estrus,179
ARIS group 9,"cow-a
(black)",6/2/2024,0:00:00,7/2/2024,0:00:00,25833,2639,34857,47,0,12027,10461,535,non-estrus,49.78
ARIS group 9,"cow-b
(white-pattern)",6/2/2024,0:00:00,7/2/2024,0:00:00,15764,840,40751,0,0,13031,15478,535,non-estrus,54.23
ARIS group 9,"cow-c
(black-pattern)",6/2/2024,0:00:00,7/2/2024,0:00:00,24066,842,39759,112,0,11591,9494,535,non-estrus,35.25
ARIS group 9,"cow-a
(black)",6/2/2024,6:00:00,7/2/2024,6:00:00,25833,2694,35069,47,0,11405,10461,0,non-estrus,43.78
ARIS group 9,"cow-b
(white-pattern)",6/2/2024,6:00:00,7/2/2024,6:00:00,15764,840,40198,0,0,13229,15478,0,non-estrus,48.23
ARIS group 9,"cow-c
(black-pattern)",6/2/2024,6:00:00,7/2/2024,6:00:00,24962,979,38465,112,0,11324,9667,0,non-estrus,29.25
ARIS group 9,"cow-a
(black)",6/2/2024,12:00:00,7/2/2024,12:00:00,21135,1550,35679,0,5,10393,8786,7762,non-estrus,37.78
ARIS group 9,"cow-b
(white-pattern)",6/2/2024,12:00:00,7/2/2024,12:00:00,15326,1066,41083,0,0,9024,11049,7762,non-estrus,42.23
ARIS group 9,"cow-c
(black-pattern)",6/2/2024,12:00:00,7/2/2024,12:00:00,22207,834,39240,112,0,8510,6645,7762,No data,23.25
ARIS group 9,"cow-a
(black)",6/2/2024,18:00:00,7/2/2024,18:00:00,9665,667,32676,0,5,8481,4449,29552,non-estrus,31.78
ARIS group 9,"cow-b
(white-pattern)",6/2/2024,18:00:00,7/2/2024,18:00:00,7320,692,36022,0,0,5779,6130,29552,non-estrus,36.23
ARIS group 9,"cow-c
(black-pattern)",6/2/2024,18:00:00,7/2/2024,18:00:00,9394,656,36773,112,0,4421,4587,29552,No data,17.25
ARIS group 9,"cow-a
(black)",7/2/2024,0:00:00,8/2/2024,0:00:00,8621,606,21481,0,5,1379,2256,52051,non-estrus,25.78
ARIS group 9,"cow-b
(white-pattern)",7/2/2024,0:00:00,8/2/2024,0:00:00,6607,675,21868,0,0,1916,3282,52051,non-estrus,30.23
ARIS group 9,"cow-c
(black-pattern)",7/2/2024,0:00:00,8/2/2024,0:00:00,8923,656,19626,0,0,2044,3099,52051,No data,11.25
ARIS group 9,"cow-a
(black)",7/2/2024,6:00:00,8/2/2024,6:00:00,8621,551,485,0,5,644,2256,72752,non-estrus,19.78
ARIS group 9,"cow-b
(white-pattern)",7/2/2024,6:00:00,8/2/2024,6:00:00,6607,675,550,0,0,1448,3282,72752,non-estrus,24.23
ARIS group 9,"cow-c
(black-pattern)",7/2/2024,6:00:00,8/2/2024,6:00:00,7553,330,628,0,0,1523,2528,72752,No data,5.25
ARIS group 9,"cow-a
(black)",7/2/2024,12:00:00,8/2/2024,12:00:00,5081,1476,0,0,0,692,156,78548,non-estrus,13.78
ARIS group 9,"cow-b
(white-pattern)",7/2/2024,12:00:00,8/2/2024,12:00:00,4619,194,0,0,60,2473,59,78548,pre-estrus,18.23
ARIS group 9,"cow-c
(black-pattern)",7/2/2024,12:00:00,8/2/2024,12:00:00,4033,559,0,0,15,2775,23,78548,estrus,-0.75
ARIS group 9,"cow-a
(black)",7/2/2024,18:00:00,8/2/2024,18:00:00,13814,3380,0,124,24,4768,6384,57674,pre-estrus,7.78
ARIS group 9,"cow-b
(white-pattern)",7/2/2024,18:00:00,8/2/2024,18:00:00,5454,255,0,103,196,20415,2071,57674,pre-estrus,12.23
ARIS group 9,"cow-c
(black-pattern)",7/2/2024,18:00:00,8/2/2024,18:00:00,6438,615,0,79,110,19222,2030,57674,estrus,-6.25
ARIS group 9,"cow-a
(black)",8/2/2024,0:00:00,9/2/2024,0:00:00,18303,3380,164,1494,4079,14059,8846,36074,pre-estrus,1.78
ARIS group 9,"cow-b
(white-pattern)",8/2/2024,0:00:00,9/2/2024,0:00:00,6660,255,2405,103,196,38226,2480,36074,pre-estrus,6.23
ARIS group 9,"cow-c
(black-pattern)",8/2/2024,0:00:00,9/2/2024,0:00:00,8914,615,1089,79,110,36708,2810,36074,non-estrus,-12.25
ARIS group 9,"cow-a
(black)",8/2/2024,6:00:00,9/2/2024,6:00:00,18817,3380,6527,1625,4160,26901,10063,14474,estrus,-4.22
ARIS group 9,"cow-b
(white-pattern)",8/2/2024,6:00:00,9/2/2024,6:00:00,6660,255,18364,103,221,43390,2480,14474,pre-estrus,0.23
ARIS group 9,"cow-c
(black-pattern)",8/2/2024,6:00:00,9/2/2024,6:00:00,11420,859,10501,79,118,45448,3048,14474,non-estrus,-18.25
ARIS group 9,"cow-a
(black)",8/2/2024,12:00:00,9/2/2024,12:00:00,20003,2061,6527,1625,4167,39332,11095,726,estrus,-10.22
ARIS group 9,"cow-b
(white-pattern)",8/2/2024,12:00:00,9/2/2024,12:00:00,3385,61,19660,103,161,58849,2591,726,estrus,-5.77
ARIS group 9,"cow-c
(black-pattern)",8/2/2024,12:00:00,9/2/2024,12:00:00,12014,613,11502,79,103,57303,3196,726,non-estrus,-24.25
ARIS group 9,"cow-a
(black)",8/2/2024,18:00:00,9/2/2024,18:00:00,15664,1212,8080,1526,4154,49316,5900,0,non-estrus,-16.22
ARIS group 9,"cow-b
(white-pattern)",8/2/2024,18:00:00,9/2/2024,18:00:00,6467,78,19660,0,41,58494,1112,0,non-estrus,-11.77
ARIS group 9,"cow-c
(black-pattern)",8/2/2024,18:00:00,9/2/2024,18:00:00,15803,917,16989,0,8,50360,1775,0,non-estrus,No data
ARIS group 9,"cow-a
(black)",9/2/2024,0:00:00,10/2/2024,0:00:00,15085,2348,22962,156,102,42257,3489,0,non-estrus,-22.22
ARIS group 9,"cow-b
(white-pattern)",9/2/2024,0:00:00,10/2/2024,0:00:00,10376,274,30507,0,41,44169,1032,0,non-estrus,-17.77
ARIS group 9,"cow-c
(black-pattern)",9/2/2024,0:00:00,10/2/2024,0:00:00,19260,1391,28090,0,8,36655,995,0,non-estrus,No data
ARIS group 9,"cow-a
(black)",9/2/2024,6:00:00,10/2/2024,6:00:00,14571,2667,36155,25,21,29948,2272,0,non-estrus,-28.22
ARIS group 9,"cow-b
(white-pattern)",9/2/2024,6:00:00,10/2/2024,6:00:00,11743,274,30800,0,16,41530,1296,0,non-estrus,-23.77
ARIS group 9,"cow-c
(black-pattern)",9/2/2024,6:00:00,10/2/2024,6:00:00,16754,1147,38009,0,0,28355,1394,0,non-estrus,No data
ARIS group 9,"cow-a
(black)",9/2/2024,12:00:00,10/2/2024,12:00:00,19613,4161,37918,25,14,20453,3383,0,non-estrus,No data
ARIS group 9,"cow-b
(white-pattern)",9/2/2024,12:00:00,10/2/2024,12:00:00,20937,389,32479,0,16,27042,4704,0,non-estrus,No data
ARIS group 9,"cow-c
(black-pattern)",9/2/2024,12:00:00,10/2/2024,12:00:00,23636,1218,39165,0,0,18739,2809,0,non-estrus,No data
ARIS group 9,"cow-a
(black)",9/2/2024,18:00:00,10/2/2024,18:00:00,24613,5683,38804,79,3,9434,7233,0,non-estrus,No data
ARIS group 9,"cow-b
(white-pattern)",9/2/2024,18:00:00,10/2/2024,18:00:00,27034,590,34910,0,0,13582,9733,0,non-estrus,No data
ARIS group 9,"cow-c
(black-pattern)",9/2/2024,18:00:00,10/2/2024,18:00:00,26453,1589,40194,0,0,14584,3029,0,non-estrus,No data
ARIS group 9,"cow-a
(black)",10/2/2024,0:00:00,10/2/2024,23:59:59,23659,5272,35305,1041,226,12351,7491,0,non-estrus,No data
ARIS group 9,"cow-b
(white-pattern)",10/2/2024,0:00:00,10/2/2024,23:59:59,24479,607,36564,0,0,13050,10645,0,non-estrus,No data
ARIS group 9,"cow-c
(black-pattern)",10/2/2024,0:00:00,10/2/2024,23:59:59,25096,1115,40461,0,0,15644,3029,0,non-estrus,No data
ARIS group 10,"cow-a
(black)",2/11/2024,0:00:00,2/12/2024,0:00:00,16999,1294,33180,0,0,25104,4234,5521,non-estrus,371.2544444
ARIS group 10,"cow-b
(white-pattern)",2/11/2024,0:00:00,2/12/2024,0:00:00,11672,49,38345,0,0,29900,912,5521,non-estrus,371.2544444
ARIS group 10,"cow-c
(black-pattern)",2/11/2024,0:00:00,2/12/2024,0:00:00,11156,225,42174,0,0,26611,712,5521,non-estrus,371.2544444
ARIS group 10,"cow-a
(black)",2/11/2024,6:00:00,2/12/2024,6:00:00,16999,1215,32768,0,0,24965,4194,5521,non-estrus,365.2544444
ARIS group 10,"cow-b
(white-pattern)",2/11/2024,6:00:00,2/12/2024,6:00:00,11672,49,36530,0,0,31045,912,5521,non-estrus,365.2544444
ARIS group 10,"cow-c
(black-pattern)",2/11/2024,6:00:00,2/12/2024,6:00:00,11877,225,39149,0,0,28333,624,5521,non-estrus,365.2544444
ARIS group 10,"cow-a
(black)",2/11/2024,12:00:00,2/12/2024,12:00:00,24375,731,34796,0,0,21811,2823,0,non-estrus,359.2544444
ARIS group 10,"cow-b
(white-pattern)",2/11/2024,12:00:00,2/12/2024,12:00:00,15788,108,38999,0,0,28234,1252,0,non-estrus,359.2544444
ARIS group 10,"cow-c
(black-pattern)",2/11/2024,12:00:00,2/12/2024,12:00:00,15557,338,40494,0,0,27832,315,0,non-estrus,359.2544444
ARIS group 10,"cow-a
(black)",2/11/2024,18:00:00,2/12/2024,18:00:00,24524,843,34796,0,0,20546,5350,0,non-estrus,353.2544444
ARIS group 10,"cow-b
(white-pattern)",2/11/2024,18:00:00,2/12/2024,18:00:00,16029,152,38216,0,0,28937,2570,0,non-estrus,353.2544444
ARIS group 10,"cow-c
(black-pattern)",2/11/2024,18:00:00,2/12/2024,18:00:00,19922,257,35986,0,0,28888,1006,0,non-estrus,353.2544444
ARIS group 10,"cow-a
(black)",2/12/2024,0:00:00,13/2/2024,0:00:00,26989,2330,30356,0,0,21307,5417,0,non-estrus,347.2544444
ARIS group 10,"cow-b
(white-pattern)",2/12/2024,0:00:00,13/2/2024,0:00:00,19443,645,32146,0,0,31369,2641,0,non-estrus,347.2544444
ARIS group 10,"cow-c
(black-pattern)",2/12/2024,0:00:00,13/2/2024,0:00:00,26067,257,30557,0,0,28583,935,0,non-estrus,347.2544444
ARIS group 10,"cow-a
(black)",2/12/2024,6:00:00,13/2/2024,6:00:00,26989,2330,30268,0,0,20983,5417,0,non-estrus,341.2544444
ARIS group 10,"cow-b
(white-pattern)",2/12/2024,6:00:00,13/2/2024,6:00:00,19443,645,32290,0,0,30813,2641,0,non-estrus,341.2544444
ARIS group 10,"cow-c
(black-pattern)",2/12/2024,6:00:00,13/2/2024,6:00:00,25424,257,31469,0,0,27902,935,0,non-estrus,341.2544444
ARIS group 10,"cow-a
(black)",2/12/2024,12:00:00,13/2/2024,12:00:00,26086,5813,30361,0,0,18173,5547,0,non-estrus,335.2544444
ARIS group 10,"cow-b
(white-pattern)",2/12/2024,12:00:00,13/2/2024,12:00:00,18529,3046,31856,0,0,29261,3288,0,non-estrus,335.2544444
ARIS group 10,"cow-c
(black-pattern)",2/12/2024,12:00:00,13/2/2024,12:00:00,24250,3218,31913,0,0,24368,2219,0,non-estrus,335.2544444
ARIS group 10,"cow-a
(black)",2/12/2024,18:00:00,13/2/2024,18:00:00,26859,7634,30361,0,0,16566,4263,0,non-estrus,329.2544444
ARIS group 10,"cow-b
(white-pattern)",2/12/2024,18:00:00,13/2/2024,18:00:00,19687,3859,33066,0,0,26331,2740,0,non-estrus,329.2544444
ARIS group 10,"cow-c
(black-pattern)",2/12/2024,18:00:00,13/2/2024,18:00:00,22290,4864,31913,0,0,24515,2089,0,non-estrus,329.2544444
ARIS group 10,"cow-a
(black)",13/2/2024,0:00:00,14/2/2024,0:00:00,22622,6056,37765,0,0,15669,4287,0,non-estrus,323.2544444
ARIS group 10,"cow-b
(white-pattern)",13/2/2024,0:00:00,14/2/2024,0:00:00,15809,3366,38340,0,0,24157,4727,0,non-estrus,323.2544444
ARIS group 10,"cow-c
(black-pattern)",13/2/2024,0:00:00,14/2/2024,0:00:00,15203,4882,39461,0,0,24734,2107,0,non-estrus,323.2544444
ARIS group 10,"cow-a
(black)",13/2/2024,6:00:00,14/2/2024,6:00:00,22652,6056,33303,0,0,18587,4369,0,non-estrus,317.2544444
ARIS group 10,"cow-b
(white-pattern)",13/2/2024,6:00:00,14/2/2024,6:00:00,15839,3366,36424,0,0,24641,4697,0,non-estrus,317.2544444
ARIS group 10,"cow-c
(black-pattern)",13/2/2024,6:00:00,14/2/2024,6:00:00,15859,4882,35626,0,0,25428,3160,0,non-estrus,317.2544444
ARIS group 10,"cow-a
(black)",13/2/2024,12:00:00,14/2/2024,12:00:00,25239,3850,34813,0,0,17102,5166,0,non-estrus,311.2544444
ARIS group 10,"cow-b
(white-pattern)",13/2/2024,12:00:00,14/2/2024,12:00:00,18298,1385,37303,0,0,20355,8829,0,non-estrus,311.2544444
ARIS group 10,"cow-c
(black-pattern)",13/2/2024,12:00:00,14/2/2024,12:00:00,20105,3399,37076,0,0,20891,4699,0,non-estrus,311.2544444
ARIS group 10,"cow-a
(black)",13/2/2024,18:00:00,14/2/2024,18:00:00,27126,3594,35268,0,0,11124,9258,0,non-estrus,305.2544444
ARIS group 10,"cow-b
(white-pattern)",13/2/2024,18:00:00,14/2/2024,18:00:00,19568,2026,38170,0,0,12084,14522,0,non-estrus,305.2544444
ARIS group 10,"cow-c
(black-pattern)",13/2/2024,18:00:00,14/2/2024,18:00:00,22412,3291,37797,0,0,16183,6673,0,non-estrus,305.2544444
ARIS group 10,"cow-a
(black)",14/2/2024,0:00:00,15/2/2024,0:00:00,29351,4253,33017,0,0,10363,9415,0,non-estrus,299.2544444
ARIS group 10,"cow-b
(white-pattern)",14/2/2024,0:00:00,15/2/2024,0:00:00,20353,3037,35091,0,0,14327,13591,0,non-estrus,299.2544444
ARIS group 10,"cow-c
(black-pattern)",14/2/2024,0:00:00,15/2/2024,0:00:00,25326,3827,32615,0,0,16875,7735,0,non-estrus,299.2544444
ARIS group 10,"cow-a
(black)",14/2/2024,6:00:00,15/2/2024,6:00:00,29351,4253,35156,0,0,7848,9333,0,non-estrus,293.2544444
ARIS group 10,"cow-b
(white-pattern)",14/2/2024,6:00:00,15/2/2024,6:00:00,20353,3037,35628,0,0,13332,13591,0,non-estrus,293.2544444
ARIS group 10,"cow-c
(black-pattern)",14/2/2024,6:00:00,15/2/2024,6:00:00,24593,3827,35645,0,0,14845,7010,0,non-estrus,293.2544444
ARIS group 10,"cow-a
(black)",14/2/2024,12:00:00,15/2/2024,12:00:00,27900,7133,35308,0,0,6240,9197,0,non-estrus,287.2544444
ARIS group 10,"cow-b
(white-pattern)",14/2/2024,12:00:00,15/2/2024,12:00:00,19375,5579,36489,0,0,12869,11466,0,non-estrus,287.2544444
ARIS group 10,"cow-c
(black-pattern)",14/2/2024,12:00:00,15/2/2024,12:00:00,22103,5643,37082,0,0,14077,6852,0,non-estrus,287.2544444
ARIS group 10,"cow-a
(black)",14/2/2024,18:00:00,15/2/2024,18:00:00,24473,7026,35978,0,0,6552,11805,0,non-estrus,281.2544444
ARIS group 10,"cow-b
(white-pattern)",14/2/2024,18:00:00,15/2/2024,18:00:00,17520,6518,37868,0,0,13565,10363,0,non-estrus,281.2544444
ARIS group 10,"cow-c
(black-pattern)",14/2/2024,18:00:00,15/2/2024,18:00:00,21873,5863,36361,0,0,14542,7162,0,non-estrus,281.2544444
ARIS group 10,"cow-a
(black)",15/2/2024,0:00:00,15/2/2024,23:59:59,23103,6842,34596,0,0,9302,11777,0,non-estrus,275.2547222
ARIS group 10,"cow-b
(white-pattern)",15/2/2024,0:00:00,15/2/2024,23:59:59,17692,7276,36208,0,0,13443,11001,0,non-estrus,275.2547222
ARIS group 10,"cow-c
(black-pattern)",15/2/2024,0:00:00,15/2/2024,23:59:59,21513,5615,37818,0,0,13248,7400,0,non-estrus,275.2547222
ARIS group 11,"cow-a
(black)",13/11/2023,0:00:00,14/11/2023,0:00:00,22478,934,42904,0,0,9299,10784,0,non-estrus,85.18
ARIS group 11,"cow-b
(white-pattern)",13/11/2023,0:00:00,14/11/2023,0:00:00,14309,830,53930,0,0,9805,7525,0,non-estrus,32.198
ARIS group 11,"cow-c
(black-pattern)",13/11/2023,0:00:00,14/11/2023,0:00:00,19964,6069,45985,0,0,7685,6696,0,non-estrus,no data
ARIS group 11,"cow-a
(black)",13/11/2023,6:00:00,14/11/2023,6:00:00,22478,1008,33884,0,0,10751,10784,0,non-estrus,79.18
ARIS group 11,"cow-b
(white-pattern)",13/11/2023,6:00:00,14/11/2023,6:00:00,14309,890,44949,582,0,10650,7525,0,non-estrus,26.198
ARIS group 11,"cow-c
(black-pattern)",13/11/2023,6:00:00,14/11/2023,6:00:00,21283,6283,36502,0,0,8141,6696,0,non-estrus,no data
ARIS group 11,"cow-a
(black)",13/11/2023,12:00:00,14/11/2023,12:00:00,28308,1267,33884,0,0,14528,7136,0,non-estrus,73.18
ARIS group 11,"cow-b
(white-pattern)",13/11/2023,12:00:00,14/11/2023,12:00:00,17911,781,40532,582,0,19582,5735,0,non-estrus,20.198
ARIS group 11,"cow-c
(black-pattern)",13/11/2023,12:00:00,14/11/2023,12:00:00,25658,4018,36502,0,0,11754,7191,0,non-estrus,no data
ARIS group 11,"cow-a
(black)",13/11/2023,18:00:00,14/11/2023,18:00:00,32867,3831,32717,0,0,14299,2573,0,non-estrus,67.18
ARIS group 11,"cow-b
(white-pattern)",13/11/2023,18:00:00,14/11/2023,18:00:00,14658,1041,42270,582,0,27348,388,0,non-estrus,14.198
ARIS group 11,"cow-c
(black-pattern)",13/11/2023,18:00:00,14/11/2023,18:00:00,33104,2898,32067,0,0,14902,3316,0,non-estrus,no data
ARIS group 11,"cow-a
(black)",14/11/2023,0:00:00,15/11/2023,0:00:00,29848,4491,34593,0,0,15218,2249,0,non-estrus,61.18
ARIS group 11,"cow-b
(white-pattern)",14/11/2023,0:00:00,15/11/2023,0:00:00,13444,1041,41761,582,0,29015,556,0,non-estrus,8.198
ARIS group 11,"cow-c
(black-pattern)",14/11/2023,0:00:00,15/11/2023,0:00:00,29412,2958,36740,0,0,15403,1886,0,non-estrus,no data
ARIS group 11,"cow-a
(black)",14/11/2023,6:00:00,15/11/2023,6:00:00,30019,4417,32320,0,0,16840,2382,0,non-estrus,55.18
ARIS group 11,"cow-b
(white-pattern)",14/11/2023,6:00:00,15/11/2023,6:00:00,13444,981,38421,0,74,32358,700,0,non-estrus,2.198
ARIS group 11,"cow-c
(black-pattern)",14/11/2023,6:00:00,15/11/2023,6:00:00,28914,2744,35607,0,0,16522,2191,0,non-estrus,no data
ARIS group 11,"cow-a
(black)",14/11/2023,12:00:00,15/11/2023,12:00:00,23350,4041,32320,0,0,24190,1235,0,non-estrus,49.18
ARIS group 11,"cow-b
(white-pattern)",14/11/2023,12:00:00,15/11/2023,12:00:00,10354,984,39651,0,799,32155,629,0,estrus,-3.803
ARIS group 11,"cow-c
(black-pattern)",14/11/2023,12:00:00,15/11/2023,12:00:00,23030,2741,36134,0,1376,19352,1350,0,non-estrus,no data
ARIS group 11,"cow-a
(black)",14/11/2023,18:00:00,15/11/2023,18:00:00,19140,2716,32919,7,0,28227,2927,0,non-estrus,43.18
ARIS group 11,"cow-b
(white-pattern)",14/11/2023,18:00:00,15/11/2023,18:00:00,10469,196,39766,45,817,29797,4282,0,estrus,-9.803
ARIS group 11,"cow-c
(black-pattern)",14/11/2023,18:00:00,15/11/2023,18:00:00,19724,1970,38015,0,1376,21227,2471,0,non-estrus,no data
ARIS group 11,"cow-a
(black)",15/11/2023,0:00:00,16/11/2023,0:00:00,17821,2596,32270,7,0,30837,2868,0,non-estrus,37.18
ARIS group 11,"cow-b
(white-pattern)",15/11/2023,0:00:00,16/11/2023,0:00:00,10469,664,39469,54,821,30063,4295,0,non-estrus,-24
ARIS group 11,"cow-c
(black-pattern)",15/11/2023,0:00:00,16/11/2023,0:00:00,18884,1910,38138,0,1376,22599,2339,0,non-estrus,no data
ARIS group 11,"cow-a
(black)",15/11/2023,6:00:00,16/11/2023,6:00:00,17573,2596,35232,7,0,27991,2735,0,non-estrus,31.18
ARIS group 11,"cow-b
(white-pattern)",15/11/2023,6:00:00,16/11/2023,6:00:00,10469,664,42374,54,747,27111,4151,0,non-estrus,-24
ARIS group 11,"cow-c
(black-pattern)",15/11/2023,6:00:00,16/11/2023,6:00:00,18064,1910,39636,0,1376,21961,2034,0,non-estrus,no data
ARIS group 11,"cow-a
(black)",15/11/2023,12:00:00,16/11/2023,12:00:00,21016,4911,35232,7,0,15979,8634,0,non-estrus,25.18
ARIS group 11,"cow-b
(white-pattern)",15/11/2023,12:00:00,16/11/2023,12:00:00,11821,777,41965,54,22,19472,11668,0,non-estrus,-24
ARIS group 11,"cow-c
(black-pattern)",15/11/2023,12:00:00,16/11/2023,12:00:00,16845,4201,39404,0,0,19532,5797,0,non-estrus,no data
ARIS group 11,"cow-a
(black)",15/11/2023,18:00:00,16/11/2023,18:00:00,29205,4774,34633,0,0,8157,9149,0,non-estrus,19.18
ARIS group 11,"cow-b
(white-pattern)",15/11/2023,18:00:00,16/11/2023,18:00:00,15328,1373,40175,9,4,17125,11904,0,non-estrus,-24
ARIS group 11,"cow-c
(black-pattern)",15/11/2023,18:00:00,16/11/2023,18:00:00,23939,4631,37032,0,0,15046,5270,0,non-estrus,no data
ARIS group 11,"cow-a
(black)",16/11/2023,0:00:00,17/11/2023,0:00:00,30483,4463,29830,1130,0,11276,9217,0,pre-estrus,13.739
ARIS group 11,"cow-b
(white-pattern)",16/11/2023,0:00:00,17/11/2023,0:00:00,15328,905,35744,1130,33,21536,11723,0,non-estrus,no data
ARIS group 11,"cow-c
(black-pattern)",16/11/2023,0:00:00,17/11/2023,0:00:00,26125,4643,32326,0,0,16216,7089,0,non-estrus,no data
ARIS group 11,"cow-a
(black)",16/11/2023,6:00:00,17/11/2023,6:00:00,30571,4463,16267,1130,0,20077,13450,0,pre-estrus,7.739
ARIS group 11,"cow-b
(white-pattern)",16/11/2023,6:00:00,17/11/2023,6:00:00,15328,905,21992,1130,1106,33774,11723,0,non-estrus,no data
ARIS group 11,"cow-c
(black-pattern)",16/11/2023,6:00:00,17/11/2023,6:00:00,26125,4643,19796,0,0,26943,8451,0,non-estrus,no data
ARIS group 11,"cow-a
(black)",16/11/2023,12:00:00,17/11/2023,12:00:00,23863,3239,17876,1306,525,30400,8203,0,pre-estrus,1.739
ARIS group 11,"cow-b
(white-pattern)",16/11/2023,12:00:00,17/11/2023,12:00:00,12752,1875,20953,1130,1106,43520,4076,0,non-estrus,no data
ARIS group 11,"cow-c
(black-pattern)",16/11/2023,12:00:00,17/11/2023,12:00:00,25448,1542,21115,0,0,32342,4965,0,non-estrus,no data
ARIS group 11,"cow-a
(black)",16/11/2023,18:00:00,17/11/2023,18:00:00,17280,1674,21006,1306,1128,37521,6110,0,estrus,-4.264
ARIS group 11,"cow-b
(white-pattern)",16/11/2023,18:00:00,17/11/2023,18:00:00,11819,1086,22058,1130,1279,48653,0,0,non-estrus,no data
ARIS group 11,"cow-c
(black-pattern)",16/11/2023,18:00:00,17/11/2023,18:00:00,23379,175,21251,0,0,36948,4272,0,non-estrus,no data
ARIS group 11,"cow-a
(black)",17/11/2023,0:00:00,17/11/2023,23:59:59,17776,1960,28960,176,1128,30466,5756,0,estrus,nodata
ARIS group 11,"cow-b
(white-pattern)",17/11/2023,0:00:00,17/11/2023,23:59:59,13168,1133,29842,0,1246,40833,0,0,non-estrus,no data
ARIS group 11,"cow-c
(black-pattern)",17/11/2023,0:00:00,17/11/2023,23:59:59,23782,775,23645,0,0,35666,2354,0,non-estrus,no data
ARIS group 12,"cow-a
(black)",18/11/2023,0:00:00,19/11/2023,0:00:00,22933,9718,37854,0,0,8137,7378,0,non-estrus,no data
ARIS group 12,"cow-b
(white-pattern)",18/11/2023,0:00:00,19/11/2023,0:00:00,13666,4365,44118,27,0,14580,9264,0,non-estrus,no data
ARIS group 12,"cow-c
(black-pattern)",18/11/2023,0:00:00,19/11/2023,0:00:00,24057,6608,38616,0,0,12174,4565,0,non-estrus,no data
ARIS group 12,"cow-a
(black)",18/11/2023,6:00:00,19/11/2023,6:00:00,22070,8811,38328,0,0,9549,7378,0,non-estrus,no data
ARIS group 12,"cow-b
(white-pattern)",18/11/2023,6:00:00,19/11/2023,6:00:00,15146,4147,42215,27,0,15337,9264,0,non-estrus,no data
ARIS group 12,"cow-c
(black-pattern)",18/11/2023,6:00:00,19/11/2023,6:00:00,24057,6608,38443,0,0,12463,4565,0,non-estrus,no data
ARIS group 12,"cow-a
(black)",18/11/2023,12:00:00,19/11/2023,12:00:00,23696,4178,37292,0,0,12492,7941,0,non-estrus,no data
ARIS group 12,"cow-b
(white-pattern)",18/11/2023,12:00:00,19/11/2023,12:00:00,17827,4214,40776,22,0,13087,9673,0,non-estrus,no data
ARIS group 12,"cow-c
(black-pattern)",18/11/2023,12:00:00,19/11/2023,12:00:00,23593,4086,38737,0,0,11509,7674,0,non-estrus,no data
ARIS group 12,"cow-a
(black)",18/11/2023,18:00:00,19/11/2023,18:00:00,22478,2323,40964,0,0,12390,7652,0,non-estrus,no data
ARIS group 12,"cow-b
(white-pattern)",18/11/2023,18:00:00,19/11/2023,18:00:00,17534,2082,42801,105,0,13717,9568,0,non-estrus,no data
ARIS group 12,"cow-c
(black-pattern)",18/11/2023,18:00:00,19/11/2023,18:00:00,21350,3355,42174,83,0,10515,8330,0,non-estrus,no data
ARIS group 12,"cow-a
(black)",19/11/2023,0:00:00,20/11/2023,0:00:00,22800,2323,40510,0,0,13054,7652,0,non-estrus,no data
ARIS group 12,"cow-b
(white-pattern)",19/11/2023,0:00:00,20/11/2023,0:00:00,18667,2082,41418,105,0,14499,9568,0,non-estrus,no data
ARIS group 12,"cow-c
(black-pattern)",19/11/2023,0:00:00,20/11/2023,0:00:00,20313,2836,42034,83,0,12743,8330,0,non-estrus,no data
ARIS group 12,"cow-a
(black)",19/11/2023,6:00:00,20/11/2023,6:00:00,22800,2323,38785,0,0,11559,7652,0,non-estrus,no data
ARIS group 12,"cow-b
(white-pattern)",19/11/2023,6:00:00,20/11/2023,6:00:00,17077,1409,41071,105,0,13889,9568,0,non-estrus,no data
ARIS group 12,"cow-c
(black-pattern)",19/11/2023,6:00:00,20/11/2023,6:00:00,21542,2836,38159,83,0,12169,8330,0,non-estrus,no data
ARIS group 12,"cow-a
(black)",19/11/2023,12:00:00,20/11/2023,12:00:00,30034,4022,42524,0,0,5200,3680,0,non-estrus,no data
ARIS group 12,"cow-b
(white-pattern)",19/11/2023,12:00:00,20/11/2023,12:00:00,17760,1560,43326,83,0,16129,6602,0,non-estrus,no data
ARIS group 12,"cow-c
(black-pattern)",19/11/2023,12:00:00,20/11/2023,12:00:00,28724,2117,41187,83,0,7392,5957,0,non-estrus,no data
ARIS group 12,"cow-a
(black)",19/11/2023,18:00:00,20/11/2023,18:00:00,28754,2648,40204,0,0,4543,9928,0,non-estrus,no data
ARIS group 12,"cow-b
(white-pattern)",19/11/2023,18:00:00,20/11/2023,18:00:00,18464,661,42000,0,0,14283,10669,0,non-estrus,no data
ARIS group 12,"cow-c
(black-pattern)",19/11/2023,18:00:00,20/11/2023,18:00:00,30062,1498,39609,0,0,7064,7844,0,non-estrus,no data
ARIS group 12,"cow-a
(black)",20/11/2023,0:00:00,21/11/2023,0:00:00,29771,2896,34140,0,0,6964,10034,0,non-estrus,no data
ARIS group 12,"cow-b
(white-pattern)",20/11/2023,0:00:00,21/11/2023,0:00:00,18951,1145,36730,0,0,16240,10739,0,non-estrus,no data
ARIS group 12,"cow-c
(black-pattern)",20/11/2023,0:00:00,21/11/2023,0:00:00,32494,1654,33954,0,0,7481,8222,0,non-estrus,no data
ARIS group 12,"cow-a
(black)",20/11/2023,6:00:00,21/11/2023,6:00:00,31887,3089,32979,0,0,7730,10034,0,non-estrus,no data
ARIS group 12,"cow-b
(white-pattern)",20/11/2023,6:00:00,21/11/2023,6:00:00,19197,1200,37104,0,0,17479,10739,0,non-estrus,no data
ARIS group 12,"cow-c
(black-pattern)",20/11/2023,6:00:00,21/11/2023,6:00:00,33748,1954,33112,0,0,8340,8565,0,non-estrus,no data
ARIS group 12,"cow-a
(black)",20/11/2023,12:00:00,21/11/2023,12:00:00,27016,1662,36517,0,0,9586,10875,0,non-estrus,no data
ARIS group 12,"cow-b
(white-pattern)",20/11/2023,12:00:00,21/11/2023,12:00:00,15012,2277,42172,0,0,15997,10198,0,non-estrus,no data
ARIS group 12,"cow-c
(black-pattern)",20/11/2023,12:00:00,21/11/2023,12:00:00,25281,1877,37938,0,0,11750,8810,0,non-estrus,no data
ARIS group 12,"cow-a
(black)",20/11/2023,18:00:00,21/11/2023,18:00:00,35407,2711,35165,0,0,10228,2729,0,non-estrus,no data
ARIS group 12,"cow-b
(white-pattern)",20/11/2023,18:00:00,21/11/2023,18:00:00,19798,2927,39205,0,0,20920,3390,0,non-estrus,no data
ARIS group 12,"cow-c
(black-pattern)",20/11/2023,18:00:00,21/11/2023,18:00:00,27196,2141,36079,0,0,16445,4379,0,non-estrus,no data
ARIS group 12,"cow-a
(black)",21/11/2023,0:00:00,22/11/2023,0:00:00,33894,2463,34835,0,0,12553,2623,0,non-estrus,no data
ARIS group 12,"cow-b
(white-pattern)",21/11/2023,0:00:00,22/11/2023,0:00:00,19390,2388,38671,0,0,22599,3320,0,non-estrus,no data
ARIS group 12,"cow-c
(black-pattern)",21/11/2023,0:00:00,22/11/2023,0:00:00,26744,1927,36353,0,0,16901,4443,0,non-estrus,no data
ARIS group 12,"cow-a
(black)",21/11/2023,6:00:00,22/11/2023,6:00:00,33229,2270,35822,0,0,12208,2623,0,non-estrus,no data
ARIS group 12,"cow-b
(white-pattern)",21/11/2023,6:00:00,22/11/2023,6:00:00,20540,2388,37107,0,0,22797,3320,0,non-estrus,no data
ARIS group 12,"cow-c
(black-pattern)",21/11/2023,6:00:00,22/11/2023,6:00:00,26326,1627,37859,0,0,16240,4100,0,non-estrus,no data
ARIS group 12,"cow-a
(black)",21/11/2023,12:00:00,22/11/2023,12:00:00,34446,5053,33305,0,0,11937,1509,0,non-estrus,no data
ARIS group 12,"cow-b
(white-pattern)",21/11/2023,12:00:00,22/11/2023,12:00:00,24027,2174,34853,0,0,22568,2628,0,non-estrus,no data
ARIS group 12,"cow-c
(black-pattern)",21/11/2023,12:00:00,22/11/2023,12:00:00,27731,3577,34745,0,0,18794,1403,0,non-estrus,no data
ARIS group 12,"cow-a
(black)",21/11/2023,18:00:00,22/11/2023,18:00:00,21685,7002,34039,0,0,12873,10213,0,non-estrus,no data
ARIS group 12,"cow-b
(white-pattern)",21/11/2023,18:00:00,22/11/2023,18:00:00,17840,2908,34853,0,0,17264,12947,0,non-estrus,no data
ARIS group 12,"cow-c
(black-pattern)",21/11/2023,18:00:00,22/11/2023,18:00:00,20067,4713,35562,0,0,20442,5028,0,non-estrus,no data
ARIS group 12,"cow-a
(black)",22/11/2023,0:00:00,22/11/2023,23:59:59,22110,7156,35294,0,0,11483,10213,0,non-estrus,no data
ARIS group 12,"cow-b
(white-pattern)",22/11/2023,0:00:00,22/11/2023,23:59:59,17919,3325,35770,0,0,16295,12947,0,non-estrus,no data
ARIS group 12,"cow-c
(black-pattern)",22/11/2023,0:00:00,22/11/2023,23:59:59,19831,4713,38747,0,0,18379,4586,0,non-estrus,no data
ARIS group 13,"cow-a
(black)",24/12/2023,0:00:00,25/12/2023,0:00:00,20697,955,16430,33,0,46038,2246,0,non-estrus,No data
ARIS group 13,"cow-b
(white-pattern)",24/12/2023,0:00:00,25/12/2023,0:00:00,17622,165,43559,0,0,24458,595,0,non-estrus,No data
ARIS group 13,"cow-c
(black-pattern)",24/12/2023,0:00:00,25/12/2023,0:00:00,24611,288,40665,22,0,19856,957,0,non-estrus,No data
ARIS group 13,"cow-a
(black)",24/12/2023,6:00:00,25/12/2023,6:00:00,20697,955,17056,33,0,44220,2349,0,non-estrus,No data
ARIS group 13,"cow-b
(white-pattern)",24/12/2023,6:00:00,25/12/2023,6:00:00,17622,165,42729,0,0,24199,595,0,non-estrus,No data
ARIS group 13,"cow-c
(black-pattern)",24/12/2023,6:00:00,25/12/2023,6:00:00,23012,116,41586,22,0,19505,1069,0,non-estrus,No data
ARIS group 13,"cow-a
(black)",24/12/2023,12:00:00,25/12/2023,12:00:00,17142,333,18685,3,0,47759,1958,0,pre-estrus,No data
ARIS group 13,"cow-b
(white-pattern)",24/12/2023,12:00:00,25/12/2023,12:00:00,11488,78,45510,0,0,27931,873,0,non-estrus,No data
ARIS group 13,"cow-c
(black-pattern)",24/12/2023,12:00:00,25/12/2023,12:00:00,20864,164,42271,31,0,21303,1247,0,non-estrus,No data
ARIS group 13,"cow-a
(black)",24/12/2023,18:00:00,25/12/2023,18:00:00,20826,360,18685,3,0,43445,2841,0,pre-estrus,No data
ARIS group 13,"cow-b
(white-pattern)",24/12/2023,18:00:00,25/12/2023,18:00:00,15237,79,43322,0,0,25934,1588,0,pre-estrus,No data
ARIS group 13,"cow-c
(black-pattern)",24/12/2023,18:00:00,25/12/2023,18:00:00,22397,266,39787,31,0,22277,1402,0,pre-estrus,No data
ARIS group 13,"cow-a
(black)",25/12/2023,0:00:00,25/12/2023,23:59:59,21216,450,18949,3,0,41952,2841,0,pre-estrus,No data
ARIS group 13,"cow-b
(white-pattern)",25/12/2023,0:00:00,25/12/2023,23:59:59,15237,79,35526,36,1,32944,1588,0,pre-estrus,No data
ARIS group 13,"cow-c
(black-pattern)",25/12/2023,0:00:00,25/12/2023,23:59:59,22793,266,32893,35,3,28218,1203,0,pre-estrus,No data
